siren,denominationUniteLegale,codePostalEtablissement,libelleCommuneEtablissement,activitePrincipaleUniteLegale,site_web_final,statut_final,source,confiance_final
803646892,ROMUALD VIRLOUVET (VIRLOUVET YACHTING),16330,VARS,3012Z,,NON TROUVÉ,,
919918045,WILLIAM FAURE-LHOMME,16100,CHATEAUBERNARD,3012Z,https://help.williamhill.it/,TROUVÉ,v1,
803832898,HERONFLOW (HERONFLOW),16100,COGNAC,3012Z,,NON TROUVÉ,,
404875452,EXEL YACHTING,17000,LA ROCHELLE,3012Z,http://www.exel-yachting.com/,TROUVÉ,v1,
307309898,FOUNTAINE PAJOT (FOUNTAINE PAJOT MOTOR YACHTS),17290,AIGREFEUILLE D'AUNIS,3012Z,https://www.fountaine-pajot.com,TROUVÉ,v1,
379124779,NAUTITECH CATAMARANS (CIM),17300,ROCHEFORT,3012Z,https://www.nautitechcatamarans.com/,TROUVÉ,v2,3.0
514815844,NEEL TRIMARANS,17000,LA ROCHELLE,3012Z,https://www.neel-trimarans.com,TROUVÉ,v1,
389002593,ATLANTIQUE SELLERIE CHRISTIAN COSTES,17340,CHATELAILLON-PLAGE,3012Z,http://atlantiquesellerie.com/,TROUVÉ,v2,4.5
502300213,C3 TECHNOLOGIES,17180,PERIGNY,3012Z,https://www.c3technologies.fr,TROUVÉ,v1,
449811769,CHANTIER CATANA,66140,CANET-EN-ROUSSILLON,3012Z,https://www.catana.com,TROUVÉ,v1,
523371391,AP YACHT CONCEPTION,17230,MARANS,3012Z,https://ap-yachting.fr/,TROUVÉ,v2,2.5
844907188,WRIGHTON SAS (WRIGHTON),17000,LA ROCHELLE,3012Z,https://www.wrighton.com,TROUVÉ,v1,
950596429,DUFOUR YACHTS,17180,PERIGNY,3012Z,https://www.dufour-yachts.com,TROUVÉ,v1,
379018062,SAVIBOAT,17350,SAINT-SAVINIEN,3012Z,https://www.saviboat.fr,TROUVÉ,v1,
381560374,LATITUDE 46 SARL,17940,RIVEDOUX-PLAGE,3012Z,https://www.latitude46.com,TROUVÉ,v1,
509811717,JMS-ONLINE,,,3012Z,https://www.online.fr,TROUVÉ,v1,
815131842,PINBALL BOAT,17480,LE CHATEAU D'OLERON,3012Z,https://www.pinball-boat.com,TROUVÉ,v1,
326379633,OCQUETEAU SA,17480,LE CHATEAU D'OLERON,3012Z,https://www.ocqueteau.com,TROUVÉ,v1,
412780702,SECTEUR BLANC (LA ROCHELLE GREEMENT),17000,LA ROCHELLE,3012Z,https://larochelle-greement.fr/,TROUVÉ,v2,5.0
441013638,GUYMARINE (GUYMARINE),17480,LE CHATEAU-D'OLERON,3012Z,,NON TROUVÉ,,
307781260,ANDRE PLESSIS (TRADITION MARINES),97600,KOUNGOU,3012Z,,NON TROUVÉ,,
478956048,DONATIEN CARME,17000,LA ROCHELLE,3012Z,,NON TROUVÉ,,
520652553,REMI HENRIOT,17230,MARANS,3012Z,https://www.henriot.fr,TROUVÉ,v1,
503983637,PREPA NAUTIC,17000,LA ROCHELLE,3012Z,https://www.prepa-nautic.com,TROUVÉ,v1,
504259540,SAMUEL MICHEAU,17550,DOLUS-D'OLERON,3012Z,,NON TROUVÉ,,
507978369,SURVITEC SAS,17210,CHEVANCEAUX,3012Z,http://surviteczodiac.com/,TROUVÉ,gmaps,0.8
671780179,STE FERNAND HERVE SARL,17180,PERIGNY,3012Z,,NON TROUVÉ,,
788824266,SOUBISE YACHTS (SARL SOUBISE YACHTS),17780,SOUBISE,3012Z,,NON TROUVÉ,,
792007387,LOUIS BOYER (BOYER LOUIS),17000,LA ROCHELLE,3012Z,https://louisboyer.com,TROUVÉ,v1,
797689510,FINELOC NAUTISME,17480,LE CHATEAU-D'OLERON,3012Z,,NON TROUVÉ,,
530227370,ADRIEN L'HOMMEDE,17000,LA ROCHELLE,3012Z,,NON TROUVÉ,,
813808565,URSAE MINORIS,17940,RIVEDOUX-PLAGE,3012Z,https://www.ursaeminoris.fr,TROUVÉ,v1,
814870127,SAS AYROLES,17000,LA ROCHELLE,3012Z,,NON TROUVÉ,,
825205669,CB LOISIR,17000,LA ROCHELLE,3012Z,,NON TROUVÉ,,
418425047,ATELIER DU TECK,17700,SURGERES,3012Z,https://www.atelier-du-teck.fr,TROUVÉ,v1,
487820730,BABEL,17690,ANGOULINS,3012Z,https://www.babel.com,TROUVÉ,v1,
520729294,LAURENT SIVADIER,17000,LA ROCHELLE,3012Z,,NON TROUVÉ,,
444525232,FORA MARINE,17180,PERIGNY,3012Z,,NON TROUVÉ,,
448454694,MARINE SELLERIE (MS),17440,AYTRE,3012Z,https://www.marinesellerie.com,TROUVÉ,v1,
822671376,CARENES,17590,ARS-EN-RE,3012Z,,NON TROUVÉ,,
830434809,RM YACHTS,17180,PERIGNY,3012Z,https://www.rm-yachts.com,TROUVÉ,v1,
883161127,ECOSY BOATING (IZIBOAT),17000,LA ROCHELLE,3012Z,https://www.iziboat.com/,TROUVÉ,v2,3.0
903686079,CHANTIER NAVAL DES MINIMES (CHANTIER NAVAL DES MINIMES),17000,LA ROCHELLE,3012Z,https://www.chantier-naval-minimes.com/,TROUVÉ,gmaps,0.8
899979793,ATLANTIC BOAT YARD,17000,LA ROCHELLE,3012Z,https://www.atlantic-boat-yard.com,TROUVÉ,v1,
499632941,NOUVELLE VAGUE,13001,MARSEILLE,3012Z,https://www.nouvellevague.fr,TROUVÉ,v1,
534122742,MATTHIEU ROY,17690,ANGOULINS,3012Z,https://www.matthieu-roy.com,TROUVÉ,v1,
539990820,VA A MAX,17640,VAUX-SUR-MER,3012Z,https://www.va-max.com,TROUVÉ,v1,
501786172,EMILIEN FAURENS (FAURSAIL OU FAURENS EMILIEN),17570,LES MATHES,3012Z,https://www.faursail.com/,TROUVÉ,v2,4.5
794989368,AFEP MARINE EVOLUTION,17000,LA ROCHELLE,3012Z,https://www.afep-marine.com,TROUVÉ,v1,
814721205,CHANTIER OFCET,17000,LA ROCHELLE,3012Z,,NON TROUVÉ,,
848063475,MERS ET PIROGUES,17000,LA ROCHELLE,3012Z,https://mersetbateaux.com/,TROUVÉ,v2,3.0
934536921,NAUTIKO (YACHTING THOMMERET),17000,LA ROCHELLE,3012Z,,NON TROUVÉ,,
327308771,MAINS DE MARINS,17480,LE CHATEAU-D'OLERON,3012Z,https://www.terredemarins.fr/,TROUVÉ,v1,
404350969,ROCHELAISE DE MATS (RDM),50550,SAINT-VAAST-LA-HOUGUE,3012Z,https://www.mats.com,TROUVÉ,v1,
431546142,ALP COMPOSITES SARL,17230,MARANS,3012Z,,NON TROUVÉ,,
482653359,CONSTRUCT NAVALES PHILIPPE TOURNIER,33620,CEZAC,3012Z,https://www.construct.net/,TROUVÉ,v1,
454045493,ALEXANDRE GENOUD,17450,FOURAS,3012Z,,NON TROUVÉ,,
485375240,CHANTIER NAVAL PIXIS,17230,ANDILLY,3012Z,,NON TROUVÉ,,
498325240,FUSION FRANCE,17220,SAINT-MEDARD-D'AUNIS,3012Z,https://www.fusion-france.com,TROUVÉ,v1,
528954928,BAHAMA YACHTING COMPANY (BAHAMA YACHTING COMPANY) (BYC),17590,ARS-EN-RE,3012Z,,NON TROUVÉ,,
477588099,CHANTIER NAVAL DU GUE (CNG),17430,TONNAY-CHARENTE,3012Z,,NON TROUVÉ,,
522679091,ROVER YACHTS (R-Y),17220,CROIX-CHAPEAU,3012Z,https://www.roveryachts.com,TROUVÉ,v1,
490033917,DISCOV'RIB (SARL DISCOV'RIB),17000,LA ROCHELLE,3012Z,https://discovrib.com/,TROUVÉ,v2,4.5
378901383,ATELIER PLOQUIN,17230,MARANS,3012Z,,NON TROUVÉ,,
493192470,ALP MARINE,17230,MARANS,3012Z,https://www.marine.fr,TROUVÉ,v1,
499136844,RAFALE (RAFALE),17000,LA ROCHELLE,3012Z,,NON TROUVÉ,,
489590851,TAG YACHTING,17590,ARS-EN-RE,3012Z,https://www.tagyachting.com,TROUVÉ,v1,
908899982,MPG (WATT & BOAT),19380,SAINT-CHAMANT,3012Z,https://wattandboat.fr/,TROUVÉ,v2,2.5
897800124,LYV BOAT (LYV BOAT),19110,BORT-LES-ORGUES,3012Z,,NON TROUVÉ,,
334307386,STEPHANE ROQUEGEOFFRE,24220,SAINT-VINCENT-DE-COSSE,3012Z,,NON TROUVÉ,,
502830243,BLUE CRABBER SARL,24100,BERGERAC,3012Z,https://www.crabber.com,TROUVÉ,v1,
910415645,ECO-CONSTRUCTIONS DE NOUVELLE AQUITAINE,33260,LA TESTE-DE-BUCH,3012Z,,NON TROUVÉ,,
821282688,LACA BOAT (JLN),33680,LACANAU,3012Z,,NON TROUVÉ,,
414509489,WINDRIDER EUROPE,33950,LEGE-CAP-FERRET,3012Z,,NON TROUVÉ,,
447945692,RICHARD PEHOOU-MAYS,33470,GUJAN MESTRAS,3012Z,,NON TROUVÉ,,
437509854,THIERRY LA GOUTE,33260,LA TESTE-DE-BUCH,3012Z,,NON TROUVÉ,,
432678894,DUBOURDIEU 1800,33470,GUJAN-MESTRAS,3012Z,https://www.dubourdieu1800.com,TROUVÉ,v1,
518336623,SEALVER,40460,SANGUINET,3012Z,https://www.sealver.com,TROUVÉ,v1,
481076891,MICHEL BAPTISTA,33700,MERIGNAC,3012Z,,NON TROUVÉ,,
490350329,ALEXANDRE BADRI (C.N. BADRI),33510,ANDERNOS-LES-BAINS,3012Z,,NON TROUVÉ,,
340330265,NAUTI BOY,33950,LEGE-CAP-FERRET,3012Z,https://www.nautiboy.com,TROUVÉ,v1,
753501626,SARL DESIGN YACHT PROJECT (ROSEWEST),33000,BORDEAUX,3012Z,https://www.rosewest.fr/,TROUVÉ,v2,3.5
529926461,BO YACHTING,33120,ARCACHON,3012Z,https://www.boyachting.fr,TROUVÉ,v1,
812206340,Z NAUTIC,33470,GUJAN-MESTRAS,3012Z,https://www.nautic.com,TROUVÉ,v1,
798292207,CHANTIER NAVAL HENARD,33470,GUJAN-MESTRAS,3012Z,http://debordnaval.fr/,TROUVÉ,gmaps,0.8
834275976,BEACHER CONCEPT II (BEACHER),33470,GUJAN-MESTRAS,3012Z,,NON TROUVÉ,,
911316990,OLIVIER OLIVIER DUBROCA (DUBROCA) (VOGUER MALIN),33320,LE TAILLAN-MEDOC,3012Z,,NON TROUVÉ,,
943006130,PIKE BOARD (PIKE BOARD),33270,BOULIAC,3012Z,https://www.pikeboard.fr,TROUVÉ,v1,
948309950,PAUL BRIANCEAU (CHANTIER DU MASCARET),33550,TABANAC,3012Z,,NON TROUVÉ,,
892273319,BY PAINT SERVICE,33440,SAINT VINCENT DE PAUL,3012Z,https://www.getpaint.net/,TROUVÉ,v1,
829409101,CHANTIER NAVAL DU GOLFE DE GASCOGNE (C.N.2.G),64200,BIARRITZ,3012Z,,NON TROUVÉ,,
930673181,COUACH CATAMARANS,33470,GUJAN-MESTRAS,3012Z,,NON TROUVÉ,,
939823159,OUTDOOR SPORTS DIGITAL,33127,MARTIGNAS-SUR-JALLE,3012Z,https://www.outdoorsports.com,TROUVÉ,v1,
803603497,MEYRAN NAVAL,33470,GUJAN-MESTRAS,3012Z,,NON TROUVÉ,,
922454780,WRIGHT & JOHNSON FRANCE,75006,PARIS,3012Z,,NON TROUVÉ,,
494106149,JEAN-PHILIPPE LAFON (CHANTIER NAVAL LAFON),33470,GUJAN-MESTRAS,3012Z,,NON TROUVÉ,,
521532382,ECLA,33120,ARCACHON,3012Z,https://www.ecla.com,TROUVÉ,v1,
335184461,B2 MARINE,33360,LATRESNE,3012Z,https://www.b2marine.fr,TROUVÉ,v1,
342012390,CONSTRUCTION NAVALE BORDEAUX,33100,BORDEAUX,3012Z,,NON TROUVÉ,,
422886465,ATLANTIC CONCEPT,33950,LEGE-CAP-FERRET,3012Z,https://www.atlantic-concept.fr,TROUVÉ,v1,
389827775,LACAZE,33510,ANDERNOS-LES-BAINS,3012Z,https://www.lacaze.fr,TROUVÉ,v1,
879403780,HOUSE BOAT . 0,73290,LA MOTTE-SERVOLEX,3012Z,https://www.houseboat.fr,TROUVÉ,v1,
831184593,J.C. MARINE (MARINE AUTO DISTRIBUTION),33510,ANDERNOS-LES-BAINS,3012Z,https://www.suzukimarine.fr/,TROUVÉ,v2,2.5
493333264,JEAN BAPTISTE BOSSUET,33260,LA TESTE-DE-BUCH,3012Z,https://www.jeanbaptiste.com,TROUVÉ,v1,
511519191,ALASTAIR PIPE,33390,SAINT-ANDRONY,3012Z,,NON TROUVÉ,,
511791410,CHANTIER NAVAL COUACH - CNC,33470,GUJAN-MESTRAS,3012Z,https://couach.com/fr/,TROUVÉ,gmaps,0.8
532075629,THOMAS DURIF,29233,CLEDER,3012Z,,NON TROUVÉ,,
534380092,STEPHANE AUBERT,33470,LE TEICH,3012Z,https://www.stephaneaubert.com,TROUVÉ,v1,
421800897,STRATO COMPO,33590,GRAYAN-ET-L'HOPITAL,3012Z,https://www.stratocompo.com,TROUVÉ,v1,
799697396,COUACH SERVICES,33470,GUJAN-MESTRAS,3012Z,https://couach.com/,TROUVÉ,v1,
804797785,REMY PREBOT (PREBOT),33980,AUDENGE,3012Z,,NON TROUVÉ,,
811721174,AVE,33330,SAINT-EMILION,3012Z,https://www.ave.fr,TROUVÉ,v1,
838351716,LES ATELIERS DE L'ATLANTIQUE (LES ATELIERS DE L'ATLANTIQUE),33510,ANDERNOS-LES-BAINS,3012Z,,NON TROUVÉ,,
834227654,CHANTIER NAVAL DU CAP-FERRET (CHANTIER NAVAL DU CAP-FERRET) (CNCF),33950,LEGE-CAP-FERRET,3012Z,https://www.chantiernavalducapferret.fr/,TROUVÉ,v2,4.0
828818518,LOUIS DE CUNIAC (CHANTIER NAVAL DU CAP-FERRET),33950,LEGE-CAP-FERRET,3012Z,https://www.chantiernavalducapferret.fr/,TROUVÉ,v2,4.0
913728267,L'BORD'EAUX HOUSE BOAT,33126,LA RIVIERE,3012Z,,NON TROUVÉ,,
981149016,BARAKAFRET,33700,MERIGNAC,3012Z,,NON TROUVÉ,,
482849403,PROFIL COMPOSITES,33430,BAZAS,3012Z,,NON TROUVÉ,,
453173569,OSTREA MARINE,75016,PARIS,3012Z,https://www.ostreamarine.com,TROUVÉ,v1,
453249344,SEALLAGE,33510,ANDERNOS-LES-BAINS,3012Z,,NON TROUVÉ,,
469202485,COUACH,33470,GUJAN-MESTRAS,3012Z,https://www.couach.com,TROUVÉ,v1,
535270169,CHANTIER FLUVIAL DU SUD OUEST (CFSO),33210,CASTETS ET CASTILLON,3012Z,http://www.sudouest.vnf.fr/,TROUVÉ,v2,2.5
479839706,CONSTRUCTION NAVALE LAJUS-CNL,33950,LEGE-CAP-FERRET,3012Z,,NON TROUVÉ,,
489013797,CNG,33470,GUJAN-MESTRAS,3012Z,https://www.cng.fr,TROUVÉ,v1,
515276061,PLASTIMO MARINE,56100,LORIENT,3012Z,,NON TROUVÉ,,
790522395,JLN INTERNATIONAL (JLN INTERNATIONAL),33680,LACANAU,3012Z,,NON TROUVÉ,,
820977817,VINCENT BANON,40320,SAMADET,3012Z,https://banon.com,TROUVÉ,v1,
514277425,YACHTING FRANCE PRODUCTION (YACHTING FRANCE PRODUCTION),40460,SANGUINET,3012Z,,NON TROUVÉ,,
791585417,L'ATELIER DU GOUF (L'ATELIER DU GOUF),40130,CAPBRETON,3012Z,,NON TROUVÉ,,
453874216,CONSTRUCTION NAUTIQUE DE GASGOGNE,40460,SANGUINET,3012Z,,NON TROUVÉ,,
300685609,ROTOMOD (RTM),47240,BON-ENCONTRE,3012Z,https://www.rotomod.com,TROUVÉ,v1,
484756846,ARNAUD GILLARD (AGPS),47600,NERAC,3012Z,,NON TROUVÉ,,
820510642,LAURENCE PRYCE (LAURENCE PRYCE CARPENTRY MARINE AND HOUSE),47150,MONFLANQUIN,3012Z,,NON TROUVÉ,,
504276528,CNM,,,3012Z,https://www.cnm.fr,TROUVÉ,v1,
518641618,AVIROW,47470,ENGAYRAC,3012Z,,NON TROUVÉ,,
394659718,GAEL MAURIN,56350,BEGANNE,3012Z,https://www.maurin.com,TROUVÉ,v1,
820956654,PASCAL BERTIN (PASCAL BERTIN),64230,SAUVAGNON,3012Z,,NON TROUVÉ,,
538982372,UHAINAPO (UHAINAPO),64210,BIDART,3012Z,https://www.uhainapo.com,TROUVÉ,v1,
513910414,WAINA OUTRIGGER ORGANISATION,64600,ANGLET,3012Z,https://www.woo-outrigger.com/,TROUVÉ,v2,4.5
500812680,JULIEN MARIN (CHANTIER NAVAL MARIN),64310,ASCAIN,3012Z,https://www.chantierdeprovence.fr/,TROUVÉ,v2,2.5
490921939,ASTER COMPOSITES,86220,DANGE-SAINT-ROMAIN,3012Z,,NON TROUVÉ,,
378552343,BATEAUX ARCHAMBAULT,86220,DANGE-SAINT-ROMAIN,3012Z,,NON TROUVÉ,,
801791922,ARCHAMBAULT YACHTS,86220,DANGE-SAINT-ROMAIN,3012Z,,NON TROUVÉ,,
441133808,NAVAL GROUP,75015,PARIS,3011Z,https://www.naval-group.com,TROUVÉ,v1,
894796986,MICHAEL DERHAM (MENUISERIE ET JOINERY MIKE),32300,LAGARDE-HACHAN,3011Z,,NON TROUVÉ,,
340889476,OCEA,85100,LES SABLES D'OLONNE,3011Z,https://www.ocea.fr,TROUVÉ,v1,
315279422,HDL,44100,NANTES,3011Z,https://www.hdl.fr,TROUVÉ,v1,
444865885,TANGO (TANGO),64122,URRUGNE,3011Z,https://www.tango.fr,TROUVÉ,v1,
478208820,30 METRES PLUS YACHTS,17300,ROCHEFORT,3011Z,,NON TROUVÉ,,
752828921,ZENZILOT,17450,FOURAS,3011Z,,NON TROUVÉ,,
799890512,MAUD ZANLONGHI,17440,AYTRE,3011Z,,NON TROUVÉ,,
793725342,CHANTIER DE L'ARSENAL,17000,LA ROCHELLE,3011Z,https://chantierdelarsenal.fr/,TROUVÉ,v2,5.0
818372989,IMOS,17000,LA ROCHELLE,3011Z,https://www.imos.com,TROUVÉ,v1,
898103080,REYNALDO ORTEGA TAMAYO (IMAGINE TOUT),17290,BALLON,3011Z,,NON TROUVÉ,,
949889976,THIERRY RENAUDIN,17290,CHAMBON,3011Z,,NON TROUVÉ,,
410433304,ALTERNATIVES ENERGIES,17000,LA ROCHELLE,3011Z,https://www.alternativesenergies.fr,TROUVÉ,v1,
440674117,LES CHANTIERS DE LA CALE,17410,SAINT-MARTIN-DE-RE,3011Z,https://www.les-chantiers.com,TROUVÉ,v1,
492868583,YACHTING INNOVATION,06370,MOUANS-SARTOUX,3011Z,https://www.yachting-innovation.com/,TROUVÉ,gmaps,0.8
753691716,AGENCE ATLANTIQUE DE GESTION NAVALE,17000,LA ROCHELLE,3011Z,,NON TROUVÉ,,
800994071,ALU NAUTIQUE CONCEPT (ALU NAUTIQUE CONCEPT),85770,VIX,3011Z,https://www.alu-nautique-concept.fr,TROUVÉ,v1,
990475485,HELICE PERFORMANCE,17138,SAINT-XANDRE,3011Z,https://www.francehelices.fr/,TROUVÉ,v2,2.5
341913622,CHANTIERS GAMELIN,17000,LA ROCHELLE,3011Z,,NON TROUVÉ,,
888146446,THE SAILING RESORT (THE SAILING RESORT) (TSR),17000,LA ROCHELLE,3011Z,,NON TROUVÉ,,
352385538,ATELIER DE L ARTIMON,17000,LA ROCHELLE,3011Z,https://artimon.fr/,TROUVÉ,v2,2.5
400127411,IRIS,17000,LA ROCHELLE,3011Z,https://www.iris-france.org/,TROUVÉ,v1,
479168536,ABP19,19460,NAVES,3011Z,,NON TROUVÉ,,
817803836,CYRANO 369,24680,LAMONZIE-SAINT-MARTIN,3011Z,,NON TROUVÉ,,
410828198,MAIRE MARINE COMPETENCES,33950,LEGE-CAP-FERRET,3011Z,https://maire-marine.com/,TROUVÉ,v2,4.5
408584431,COOP MECANIQUE DES PECHEURS (COMEPARC),33120,ARCACHON,3011Z,,NON TROUVÉ,,
781755061,GUY CERLES,33260,LA TESTE-DE-BUCH,3011Z,,NON TROUVÉ,,
941428419,NST YACHT & LAB,33590,TALAIS,3011Z,,NON TROUVÉ,,
900089616,BANOGEN (BANOGEN),33800,BORDEAUX,3011Z,,NON TROUVÉ,,
392920237,CHANTIERS NAVALS DU BASSIN D'ARCACHON (CNBA),33470,GUJAN-MESTRAS,3011Z,http://www.cnba-transportfluvial.fr/,TROUVÉ,v2,2.5
993662279,CHANTIER MARC MAIRE,33950,LEGE-CAP-FERRET,3011Z,https://chantiermarcmaire.com,TROUVÉ,v1,
377762554,MOBILIS,13510,EGUILLES,3011Z,,NON TROUVÉ,,
897913687,CONSTRUCTION NAUTIQUE DE L'OUEST (CNDO),47500,MONTAYRAL,3011Z,,NON TROUVÉ,,
949168637,CASTELFLUVIAL,47290,CASTELNAUD-DE-GRATECAMBE,3011Z,,NON TROUVÉ,,
315905919,SOCIETE COOPERATIVE MARITIME GURE LANA,64500,CIBOURE,3011Z,,NON TROUVÉ,,
953372208,FLOT'EQUIPEMENT,64140,BILLERE,3011Z,https://www.flot-equipement.com/,TROUVÉ,v2,3.5
498822360,COMPOSITES 64,64240,HASPARREN,3011Z,https://www.quai-west-composites.fr/,TROUVÉ,v2,2.5
775750763,CROWN BLUE LINE LIMITED,99,,3315Z,https://www.leboat.com/,TROUVÉ,gmaps,0.8
450105325,NAUTIQUE EN PRESQU'ILE (NAUTIQUE EN PRESQU'ILE),16400,VOEUIL-ET-GIGET,3315Z,,NON TROUVÉ,,
513950451,MARTIAL MBOLATIANA,16260,SAINT-MARY,3315Z,,NON TROUVÉ,,
384115507,FREDERIC TIERTANT (LE SAVOIR FAIRE D'ANTAN),16310,MASSIGNAC,3315Z,https://www.chouette-etoilee.fr/,TROUVÉ,v2,2.5
903703536,BERTRAND GRINDA (BG SERVICES),16170,VAUX-ROUILLAC,3315Z,,NON TROUVÉ,,
482746609,MARINE EVASION 16,16710,SAINT-YRIEIX-SUR-CHARENTE,3315Z,https://www.marinetraffic.com/,TROUVÉ,v1,
519618383,LUDOVIC NADON,16360,BAIGNES-SAINTE-RADEGONDE,3315Z,,NON TROUVÉ,,
849360581,FONTENOY MARINE (FONTENOY MARINE),16300,BARBEZIEUX-SAINT-HILAIRE,3315Z,https://jeunemarine.fr/,TROUVÉ,v2,2.5
525183893,GRAND LARGE SERVICES,34280,LA GRANDE-MOTTE,3315Z,https://www.grandlargeservices.com,TROUVÉ,v1,
313781650,SA CHANTIERS AMEL,17180,PERIGNY,3315Z,https://www.amel.fr,TROUVÉ,v1,
388272767,EURL CHANTIERS NAUTIQUES DU PORT,17300,ROCHEFORT,3315Z,,NON TROUVÉ,,
484991955,CHRIS NAUTIC,17200,ROYAN,3315Z,https://chrisnautiq.fr/,TROUVÉ,v2,2.5
497588079,ESCALE TECHNIQUE,17840,LA BREE-LES-BAINS,3315Z,https://www.escaletechnique.com,TROUVÉ,v1,
837635820,STAR BOATS (SARL STARBOATS),17460,RIOUX,3315Z,https://www.star-boats.fr,TROUVÉ,v1,
410757991,ATELIERS MECANIQUES DES PERTUIS,17000,LA ROCHELLE,3315Z,,NON TROUVÉ,,
306069865,FRANCIS CHABEAU,33260,LA TESTE-DE-BUCH,3315Z,,NON TROUVÉ,,
448149104,ESPACE NAUTIQUE,17190,SAINT-GEORGES-D'OLERON,3315Z,https://www.espace-nautique.fr,TROUVÉ,v1,
430366450,NAUTIC ELEC - GULF STREAM (NAUTIC ELEC - GULF STREAM),17000,LA ROCHELLE,3315Z,https://www.nautic-elec.fr,TROUVÉ,v1,
478426588,PASCAL CAILLAUD,29940,LA FORET-FOUESNANT,3315Z,http://pascal-caillaud.fr/,TROUVÉ,v2,2.5
901219725,ATLANTIC MARINE CONCEPT,17110,SAINT-GEORGES-DE-DIDONNE,3315Z,https://www.concept.fr,TROUVÉ,v1,
510423080,ELIAN LAURENT,17110,SAINT-GEORGES-DE-DIDONNE,3315Z,,NON TROUVÉ,,
902772680,ANTIOCHE MARINE SERVICES (AMS),33400,TALENCE,3315Z,https://www.antiochemarineservices.fr,TROUVÉ,v1,
379186414,YVES DUPASQUIER,17740,SAINTE-MARIE-DE-RE,3315Z,,NON TROUVÉ,,
404209744,BLONDEAU MARINE,17590,ARS-EN-RE,3315Z,https://www.blondeau-marine.fr,TROUVÉ,v1,
344455233,NAUTIC 17,17480,LE CHATEAU-D'OLERON,3315Z,https://www.nautic17.fr,TROUVÉ,v1,
344528484,CHANTIER NAUTIQUE DU VIEUX PORT,17000,LA ROCHELLE,3315Z,https://www.chantiernautiqueduvieuxport.com,TROUVÉ,v1,
343896684,JEAN GATINEAU,17300,ROCHEFORT,3315Z,,NON TROUVÉ,,
398298547,S.Y.S.B.A. SA,17180,PERIGNY,3315Z,https://www.s.y.s.b.a..fr,TROUVÉ,v1,
399340090,IWEIN EGGERMONT (CUSTOM BOAT),17000,LA ROCHELLE,3315Z,,NON TROUVÉ,,
411136211,ATELIER DES GROIES,17230,CHARRON,3315Z,,NON TROUVÉ,,
418756136,TECK INOX,17000,LA ROCHELLE,3315Z,https://www.teck-inox.com,TROUVÉ,v1,
419717129,CHRISTOPHE GIREAU,17170,LA LAIGNE,3315Z,,NON TROUVÉ,,
414997007,DESPIERRES CHARPENTE NAVALE,17000,LA ROCHELLE,3315Z,https://despierres-atelierboisocean.fr/,TROUVÉ,v2,5.0
413843319,GRASSI BATEAUX SARL (CAP AU LARGE),17000,LA ROCHELLE,3315Z,https://www.grassibateaux.com,TROUVÉ,v1,
414604405,FREDERIC SIBERT (FREDMASTERSERVICES),17100,SAINTES,3315Z,https://sibert.fr,TROUVÉ,v1,
414658831,ONE OFF,17440,AYTRE,3315Z,https://www.oneoff.fr,TROUVÉ,v1,
440608156,PATRICE FAVARD,17170,BENON,3315Z,https://www.favard.fr,TROUVÉ,v1,
440729598,BOBATO,17000,LA ROCHELLE,3315Z,https://www.bobato.fr,TROUVÉ,v1,
433652633,SAILING ATLANTIC SERVICES,85100,LES SABLES-D'OLONNE,3315Z,https://www.sailing-atlantic.com,TROUVÉ,v1,
423864651,MB92 LA CIOTAT,13600,LA CIOTAT,3315Z,https://mb92.com/,TROUVÉ,v1,
420689770,DOMINIQUE MAINGUET (MAINGUET NAUTIC' AUTO),17190,SAINT-GEORGES-D'OLERON,3315Z,,NON TROUVÉ,,
502439425,NAVILUDE (NAVILUDE),17440,AYTRE,3315Z,https://www.navilude.fr,TROUVÉ,v1,
503386286,JBG,17220,CLAVETTE,3315Z,https://www.jbg.fr,TROUVÉ,v1,
515186112,ATLANTIQUE ENERGIA,17000,LA ROCHELLE,3315Z,,NON TROUVÉ,,
453120420,GOAZEN (GOAZEN),17170,LA GREVE-SUR-MIGNON,3315Z,https://goazen.info/,TROUVÉ,v1,
453141095,LAURENT BEDARRIDES (GOAZEN),17170,LA GREVE-SUR-MIGNON,3315Z,,NON TROUVÉ,,
449830546,ALIZES BOAT PEINTURE,17000,LA ROCHELLE,3315Z,https://peinture.com,TROUVÉ,v1,
435360284,THIERRY MACALUSO (ORIGINAL NAUTIQUE),17170,CRAM-CHABAN,3315Z,,NON TROUVÉ,,
494266109,CHANTIER LUMINA,17650,SAINT DENIS D'OLERON,3315Z,,NON TROUVÉ,,
489639526,JS MARINE,17300,ROCHEFORT,3315Z,https://www.js-marine.com,TROUVÉ,v1,
484327788,D.E.MARINE,17200,SAINT-SULPICE-DE-ROYAN,3315Z,,NON TROUVÉ,,
751062712,FABRICE CAZAILLET (CAZAILLET),17610,CHANIERS,3315Z,,NON TROUVÉ,,
751366717,JEAN-PAUL VIGNON,17120,CHENAC-SAINT-SEURIN-D'UZET,3315Z,,NON TROUVÉ,,
883703001,LES ATELIERS MARITIMES DIVERSIFIES (SELF YACHTING),17000,LA ROCHELLE,3315Z,https://ateliersmaritimes.com/,TROUVÉ,v2,4.5
511091712,CEDRIC GRANDILLON (GRANDILLON CEDRIC),17600,LE GUA,3315Z,,NON TROUVÉ,,
519546139,PATRICK DEBEUGNY,17240,SAINT-GENIS-DE-SAINTONGE,3315Z,,NON TROUVÉ,,
497612903,ESPACE MARINE INDUSTRIE,17200,ROYAN,3315Z,https://worldwide.espacenet.com/,TROUVÉ,v1,
520764929,YOURI JACQUES MOSIO,17880,LES PORTES-EN-RE,3315Z,,NON TROUVÉ,,
498967215,ATLANTIC REFIT CENTER (ARC),17000,LA ROCHELLE,3315Z,https://www.atlanticrefitcenter.com,TROUVÉ,v1,
525330122,POINT MER 17,17420,SAINT-PALAIS-SUR-MER,3315Z,https://www.17.fr,TROUVÉ,v1,
538545955,CLAUDINE GODIN,17620,SAINT-AGNANT,3315Z,,NON TROUVÉ,,
449161652,YVES JOUCLA,17440,AYTRE,3315Z,,NON TROUVÉ,,
492688312,THOTISS (G 17-GR PRO CLEAN LA ROCHELLE-INTERNATIONAL DRONE SERVICES),17290,THAIRE,3315Z,,NON TROUVÉ,,
795318849,NICOLAS CHANTELOUP,17000,LA ROCHELLE,3315Z,https://www.chanteloup.fr,TROUVÉ,v1,
529920217,ESPRIT NAUTIC (ESPRIT NAUTIC),17000,LA ROCHELLE,3315Z,https://www.esprit-nautic.com,TROUVÉ,v1,
521846725,FREDERIC MELLET,17800,PONS,3315Z,,NON TROUVÉ,,
521922005,ANDREW DAWSON (LA ROCHELLE MARINE),17000,LA ROCHELLE,3315Z,https://www.larochellemarine.com/,TROUVÉ,v2,3.0
802821686,JULIEN FRERE (SUBMARINE SERVICES),17460,PREGUILLAC,3315Z,,NON TROUVÉ,,
810953091,SEBASTIEN OGER (VIVEZ PENCHES),17000,LA ROCHELLE,3315Z,,NON TROUVÉ,,
798563474,KW BOATFISHING,17410,SAINT-MARTIN-DE-RE,3315Z,https://www.boatfishing.fr,TROUVÉ,v1,
799031489,BASTIEN TOMASINO (TOMASINO REPARATION NAVALE),17800,PONS,3315Z,,NON TROUVÉ,,
532205184,OLIVIER SENEZ,17780,SAINT-FROULT,3315Z,https://www.senez.fr,TROUVÉ,v1,
792944407,SELF YACHTING SARL (SELF YACHTING),17000,LA ROCHELLE,3315Z,https://www.yachting.fr,TROUVÉ,v1,
835302258,AYROLES PLAISANCE (AYROLES-ELIAN),17000,LA ROCHELLE,3315Z,,NON TROUVÉ,,
829635259,NEO MARINE ATLANTIQUE (NEO MARINE ATLANTIQUE),17000,LA ROCHELLE,3315Z,https://www.atlantique.com,TROUVÉ,v1,
831314422,BRIEUC DISPERSYN (LA BOUEE VERTE),97280,VAUCLIN,3315Z,,NON TROUVÉ,,
837608116,CEDRIC GASQUEZ,17000,LA ROCHELLE,3315Z,,NON TROUVÉ,,
851419606,ATLANTIQUE NAVAL 17 (ATLANTIQUE NAVAL 17),17140,LAGORD,3315Z,,NON TROUVÉ,,
848943098,MS SOLUTIONS,17000,LA ROCHELLE,3315Z,https://www.mssolutions.fr,TROUVÉ,v1,
840842439,IMEDA SHANIDZE (ID NAUTIQUE),17000,LA ROCHELLE,3315Z,https://shanidze.com,TROUVÉ,v1,
841400062,KARINNE PUBERT (SPI-OCEAN),17000,LA ROCHELLE,3315Z,,NON TROUVÉ,,
841688740,YACHTING SPRAY MARINE (Y S M.),17170,BENON,3315Z,,NON TROUVÉ,,
850241787,BENJAMIN LEGLOAHEC (DYNAMIC MOTO-NAUTIC),17580,LE BOIS-PLAGE-EN-RE,3315Z,,NON TROUVÉ,,
850374059,GERALD MARINE SERVICES,17170,SAINT-JEAN-DE-LIVERSAY,3315Z,,NON TROUVÉ,,
842951568,MOHAMED TOURE (ATLANTIQUE17),75014,PARIS,3315Z,,NON TROUVÉ,,
840392815,CHANTIER DES FONTAINES,17730,PORT-DES-BARQUES,3315Z,,NON TROUVÉ,,
840632418,PHILIPPE MERABET (PM SERVICES),17200,SAINT-SULPICE-DE-ROYAN,3315Z,,NON TROUVÉ,,
853476125,DIDIER PARINET (ESPADON PASSION NAUTIQUE),17800,SAINT-SEVER-DE-SAINTONGE,3315Z,,NON TROUVÉ,,
877519850,BERNARD GAUD (SPRAY'COULEURS),17000,LA ROCHELLE,3315Z,,NON TROUVÉ,,
920450103,OBJECTIF PLAISANCE,17570,LES MATHES,3315Z,http://www.objectif-image-plaisance.fr/,TROUVÉ,v2,2.5
911463875,G2 COMPOSITES (G2 COMPOSITES),17290,THAIRE,3315Z,,NON TROUVÉ,,
911917201,FLY HIGH AVIATION,17350,PORT-D'ENVAUX,3315Z,https://www.flyhighaviation.com,TROUVÉ,v1,
922457551,ENZO MARTINELLI,17800,PONS,3315Z,,NON TROUVÉ,,
904711165,ETOILE DE FRANCE & CO,17940,RIVEDOUX-PLAGE,3315Z,,NON TROUVÉ,,
909933228,SASU ATLANTIQUE MECANIQUE,17230,MARANS,3315Z,,NON TROUVÉ,,
907574701,HUGO MARIS,17580,LE BOIS-PLAGE-EN-RE,3315Z,,NON TROUVÉ,,
912899325,BOAT NET BRILLANCE (BOAT NET BRILLANCE),17000,LA ROCHELLE,3315Z,,NON TROUVÉ,,
917481863,SLIMANE MOUTAOUAKIL (SYSTEM BOAT),17000,LA ROCHELLE,3315Z,,NON TROUVÉ,,
943437103,DIMITRI LE COMTE (TECHNIC PASSION),17180,PERIGNY,3315Z,,NON TROUVÉ,,
947928024,DAVID EVERS (DAVID MECA BOAT),17190,SAINT-GEORGES-D'OLERON,3315Z,,NON TROUVÉ,,
853021459,SUNRISE,17450,SAINT-LAURENT-DE-LA-PREE,3315Z,https://www.sunrise.fr,TROUVÉ,v1,
851264846,FRANCK TISSOT (TAB),17700,SURGERES,3315Z,https://francknautisme.fr/,TROUVÉ,v2,2.5
842499402,GT SAILING 17 (GT SAILING 17),17000,LA ROCHELLE,3315Z,https://www.gtsailing.com,TROUVÉ,v1,
901780411,RENAUD GASS (MAINTENANCE NAUTIQUE MOBILE),17230,SAINT-OUEN-D'AUNIS,3315Z,,NON TROUVÉ,,
892811506,MAINTENANCE SERVICE MARINE,17390,LA TREMBLADE,3315Z,,NON TROUVÉ,,
893617084,VICTOR NAUTISME,17000,LA ROCHELLE,3315Z,https://www.victor-nautisme.com,TROUVÉ,v1,
880336870,B.SAILING (EQUIP'MARINE ROYAN),17750,ETAULES,3315Z,,NON TROUVÉ,,
885099655,ANGEL AUZANNEAU (VENT D'OUEST),17000,LA ROCHELLE,3315Z,,NON TROUVÉ,,
894098540,TOM SALIOT,17690,ANGOULINS,3315Z,https://www.saliot.com,TROUVÉ,v1,
897832192,BOSCO (BOSCO),17000,LA ROCHELLE,3315Z,https://bosco17.fr/,TROUVÉ,v2,3.5
903120418,UCHIMATA SERVICES (UCHIMATA),17000,LA ROCHELLE,3315Z,https://uchimata-shop.fr/,TROUVÉ,v2,5.0
952017556,507 PROJECTS,56100,LORIENT,3315Z,https://www.507projects.com,TROUVÉ,v1,
991624644,ZAKARIA BOUZAITOUN (HORIZON PEINTURE 17),17000,LA ROCHELLE,3315Z,,NON TROUVÉ,,
935211383,PRO NAUTIC (JOSE NAUTIC),17320,MARENNES-HIERS-BROUAGE,3315Z,https://www.nauti-pro.fr/,TROUVÉ,v2,2.5
949760128,SAFY,17220,LA JARRIE,3315Z,https://www.safy.fr,TROUVÉ,v1,
951049105,DAVID FAVREAU (RE-FLEX MULTI SERVICES),17230,SAINT-OUEN-D'AUNIS,3315Z,,NON TROUVÉ,,
981783707,HAMZA LEMYASSER (LEM.MARIN),17300,ROCHEFORT,3315Z,,NON TROUVÉ,,
984515213,COLOR BY HAMM,17290,LE THOU,3315Z,,NON TROUVÉ,,
993251628,EL HOUSSINE ZENOUAKI,17000,LA ROCHELLE,3315Z,,NON TROUVÉ,,
930041512,DESFORGES M PLAISANCE (D M P) (D M P),17700,MARSAIS,3315Z,,NON TROUVÉ,,
328538178,GOLFE OCEAN EXPORT,17000,LA ROCHELLE,3315Z,https://golfeocean.fr,TROUVÉ,v1,
317976637,LOC'ACTION,17000,LA ROCHELLE,3315Z,,NON TROUVÉ,,
412464703,FRANCOIS-NORBERT GUILLOT (GUILLOT FRANCOIS),17310,SAINT-PIERRE-D'OLERON,3315Z,http://francoisguillot1.free.fr/,TROUVÉ,v2,2.5
405217894,RE PLAISANCE,17410,SAINT-MARTIN-DE-RE,3315Z,https://www.bateau-iledere.com/,TROUVÉ,v2,4.5
421150996,YAPLUKA,37540,SAINT-CYR-SUR-LOIRE,3315Z,,NON TROUVÉ,,
483948824,CANDELA,17000,LA ROCHELLE,3315Z,https://www.candela.com,TROUVÉ,v1,
439832411,LAURENT CARPIER,17220,SAINTE-SOULLE,3315Z,,NON TROUVÉ,,
443229166,UCHIMATA SAILING SERVICE (UCHIMATA SAILING SERVICE),17000,LA ROCHELLE,3315Z,https://uchimata-shop.fr/,TROUVÉ,v2,5.0
493880173,CLAIRE GUTIERREZ (DROUET),17000,LA ROCHELLE,3315Z,,NON TROUVÉ,,
494326440,PIERRE BERGE,17000,LA ROCHELLE,3315Z,https://www.pierreetvacances.com/,TROUVÉ,v1,
494814007,YACHTING EXPRESS SERVICES (YACHTING EXPRESS SERVICES),17290,LE THOU,3315Z,https://www.yeservices.fr/,TROUVÉ,gmaps,0.8
519316764,JEAN CHRISTOPHE CASO,17000,LA ROCHELLE,3315Z,,NON TROUVÉ,,
519741425,PASCAL DUPIN,17430,TONNAY CHARENTE,3315Z,https://www.pascaldupin.fr,TROUVÉ,v1,
519900468,JOFFREY GOHIN,17230,MARANS,3315Z,,NON TROUVÉ,,
521170092,GWEN MARINE LA ROCHELLE (G MOTEUR SERVICE),17000,LA ROCHELLE,3315Z,https://www.gwenmarine.com,TROUVÉ,v1,
521830778,PORT 7 A SEC,17190,SAINT-GEORGES-D'OLERON,3315Z,https://www.portsec.fr,TROUVÉ,v1,
524412954,OCEANE BOAT,17200,ROYAN,3315Z,https://www.oceaneboat.com,TROUVÉ,v1,
478649080,YANN TREZEGUET,17120,MORTAGNE-SUR-GIRONDE,3315Z,,NON TROUVÉ,,
333668218,OLIVIER DOUBLET,17000,LA ROCHELLE,3315Z,,NON TROUVÉ,,
443611876,WILLMAR,17000,LA ROCHELLE,3315Z,https://www.willmar.com,TROUVÉ,v1,
448126144,SOCIETE COMPAGNIE MARCO POLO SCMP,83000,TOULON,3315Z,,NON TROUVÉ,,
453617086,CORDOUAN NAVAL ROYAN,17200,ROYAN,3315Z,https://www.nautisme-royan-atlantique.fr/,TROUVÉ,v2,5.0
489505503,OLIVIER THOMAS,17340,CHATELAILLON-PLAGE,3315Z,,NON TROUVÉ,,
490007762,CORNELIS DROST (C E E S),42370,RENAISON,3315Z,,NON TROUVÉ,,
478424211,ELECTRICITE MARINE,17000,LA ROCHELLE,3315Z,https://www.electricite-marine.fr,TROUVÉ,v1,
395237522,SARL LECAMUS,17000,LA ROCHELLE,3315Z,https://www.lecamus.fr,TROUVÉ,v1,
412736563,HEMISPHERE COATING SERVICES,13600,LA CIOTAT,3315Z,,NON TROUVÉ,,
388586885,OCEANE COMPOSITE SARL,17200,SAINT-SULPICE-DE-ROYAN,3315Z,https://oceane.breizhgo.bzh/,TROUVÉ,v1,
389638370,ATELIER SPECIALISE MARITIME ROCHELAIS (ASMER),17000,LA ROCHELLE,3315Z,http://www.ateliersmaritimes.com/,TROUVÉ,v2,4.5
377985411,DOMINIQUE PRADEAU,17138,SAINT-XANDRE,3315Z,,NON TROUVÉ,,
890668288,AXEL MECA SERVICES (AXEL MECA SERVICES) (AMS),17137,MARSILLY,3315Z,,NON TROUVÉ,,
883845034,CHRISTOPHE LAITHIER (CHRISELEC),17120,MORTAGNE-SUR-GIRONDE,3315Z,,NON TROUVÉ,,
908976657,GNS NAUTIQUE,17120,SEMUSSAC,3315Z,https://www.gnsnautique.fr,TROUVÉ,v1,
851711457,CATHERINE DE AZEVEDO PINTO,17000,LA ROCHELLE,3315Z,,NON TROUVÉ,,
811534726,CHANTIER NAVAL DES PERTUIS (CHANTIER NAVAL DES PERTUIS),17590,ARS-EN-RE,3315Z,,NON TROUVÉ,,
910358837,MANUEL GOHE (MECA SPEED BOAT),17120,GREZAC,3315Z,,NON TROUVÉ,,
921365748,ELECTRONIX MARINE,17530,ARVERT,3315Z,https://cedmarine.com/,TROUVÉ,v2,3.0
921966529,LES MATHURINS DE COPPELIA,17220,SAINT-CHRISTOPHE,3315Z,,NON TROUVÉ,,
921966883,PROVOST (JPLAISANCE),17137,NIEUL-SUR-MER,3315Z,,NON TROUVÉ,,
922532544,JEAN BAPTISTE RAVART,17000,LA ROCHELLE,3315Z,https://www.jeanbaptiste.com,TROUVÉ,v1,
922944202,LES 4M PLAISANCE,17120,TALMONT-SUR-GIRONDE,3315Z,https://www.les4m.com,TROUVÉ,v1,
920086683,AUBIN NAVARRO (AUBIN DES BOIS),17000,LA ROCHELLE,3315Z,,NON TROUVÉ,,
492781620,ROBIN CHABRIER,17880,LES PORTES-EN-RE,3315Z,,NON TROUVÉ,,
514758432,ARNAUD PORTIER,17340,CHATELAILLON-PLAGE,3315Z,,NON TROUVÉ,,
500070966,EURL DAMIEN MER ET SERVICES,17640,VAUX-SUR-MER,3315Z,,NON TROUVÉ,,
511489502,XAVIER MACAIRE,85340,L'ILE-D'OLONNE,3315Z,https://www.xaviermacaire.com,TROUVÉ,v1,
511725756,EURL J.NAUTIC,17320,MARENNES-HIERS-BROUAGE,3315Z,,NON TROUVÉ,,
512258658,AMPLITUDE COMPOSITES,17140,LAGORD,3315Z,,NON TROUVÉ,,
498676287,M N O,17310,SAINT-PIERRE-D'OLERON,3315Z,,NON TROUVÉ,,
498909944,JULIEN DAGORN,17370,LE GRAND-VILLAGE-PLAGE,3315Z,,NON TROUVÉ,,
507753838,DMP,17340,YVES,3315Z,https://www.dmp.fr,TROUVÉ,v1,
531355212,CHRISTOPHE GEA,17230,SAINT-OUEN-D'AUNIS,3315Z,,NON TROUVÉ,,
531634368,SAILING SERVICES 17,17300,ROCHEFORT,3315Z,https://www.sailingservices.com,TROUVÉ,v1,
524882735,ESCALE TECHNIC 17,17440,AYTRE,3315Z,https://www.escaletechnic17.fr,TROUVÉ,v1,
533800363,ENGINE BOATS SERVICES,17000,LA ROCHELLE,3315Z,https://www.engineboatservices.fr/,TROUVÉ,v2,5.0
487866295,ETIENNE CARRA,85100,LES SABLES D'OLONNE,3315Z,,NON TROUVÉ,,
487925323,SPEED EAU,17220,SAINTE-SOULLE,3315Z,https://www.eau.com,TROUVÉ,v1,
422164806,LUIS LUIS MANUEL (MANUEL) (ENTRETIENT ET AMENAGEMENT BATEAUX),17000,LA ROCHELLE,3315Z,,NON TROUVÉ,,
422281394,FRANCK ROY (YCR ( YOR CLASSIC REFIT )),56330,PLUVIGNER,3315Z,,NON TROUVÉ,,
750688111,JEAN SEBASTIEN NOEL,17139,DOMPIERRE-SUR-MER,3315Z,,NON TROUVÉ,,
528332919,NICOLAS AUDEBERT,17000,LA ROCHELLE,3315Z,https://www.audebert.fr,TROUVÉ,v1,
790906481,PASCAL PETIT (MARIN SAILING SERVIES),97290,LE MARIN,3315Z,,NON TROUVÉ,,
791554090,Y & Y MARINE SERVICE (Y & Y MARINE SERVICE),17630,LA FLOTTE,3315Z,https://www.marineservice.com,TROUVÉ,v1,
788217750,PHILIPPE BEIGNON (PHILOU),83310,COGOLIN,3315Z,,NON TROUVÉ,,
821523503,SARL ATLANTIC RENOV,17132,MESCHERS-SUR-GIRONDE,3315Z,https://www.atlantic-renov.fr,TROUVÉ,v1,
820049120,THIERRY CROSLAND (THIERRY ENTREPRISE ATELIER MOBILE),17550,DOLUS-D'OLERON,3315Z,,NON TROUVÉ,,
817687825,FREDERIC MOUNIER (MOUNIER FREDERIC),17320,MARENNES-HIERS-BROUAGE,3315Z,,NON TROUVÉ,,
818421190,LOISIRS 17,17000,LA ROCHELLE,3315Z,https://www.17.fr,TROUVÉ,v1,
753848225,NICOLAS MACHET (MAGMASAILING),17730,PORT-DES-BARQUES,3315Z,,NON TROUVÉ,,
838222875,JEROME FAVARD (NAUTIC IMPACT),17170,SAINT-JEAN-DE-LIVERSAY,3315Z,https://www.favard.fr,TROUVÉ,v1,
881190334,FREDRICK GREUNKE (FG SERVICES 17),17000,LA ROCHELLE,3315Z,,NON TROUVÉ,,
850212796,ROMAIN CHOUQUET (ABC NAUTIQUE 17),17000,LA ROCHELLE,3315Z,,NON TROUVÉ,,
850443219,NAUTICA YACHT 17,17000,LA ROCHELLE,3315Z,,NON TROUVÉ,,
850535766,FRANCK HELLUY (CAPITAINE PONTON),17000,LA ROCHELLE,3315Z,https://francknautisme.fr/,TROUVÉ,v2,2.5
844726927,CHANTIER NAVAL CHARPENTE-COAST (CNCC),17590,ARS-EN-RE,3315Z,,NON TROUVÉ,,
849494950,COCOSIO II,17610,SAINT-SAUVANT,3315Z,,NON TROUVÉ,,
849567169,RASMEY SAMME,17700,SAINT-MARD,3315Z,,NON TROUVÉ,,
828106872,SELECT YACHT,17000,LA ROCHELLE,3315Z,https://www.select-yacht.com,TROUVÉ,v1,
828604777,MARTIN JOUFFRIEAU,17000,LA ROCHELLE,3315Z,,NON TROUVÉ,,
919263319,JEREMIE LABORDE (ATLANTIQUE ODYSEE),17170,FERRIERES,3315Z,,NON TROUVÉ,,
932592959,DANIELLE NICKELS (FERRY),17230,MARANS,3315Z,,NON TROUVÉ,,
918365826,ALEX MECA (ALEC MECA),17320,SAINT-JUST-LUZAC,3315Z,https://www.meca.com,TROUVÉ,v1,
918447434,HAMM SERVICES (HAMM SERVICES),17180,PERIGNY,3315Z,https://www.hammservices.fr,TROUVÉ,v1,
919070136,DAMIEN QUICHAUD (D & A SERVICES),17000,LA ROCHELLE,3315Z,,NON TROUVÉ,,
951010461,NG PLAISANCE,17940,RIVEDOUX-PLAGE,3315Z,https://www.ngplaisance.com,TROUVÉ,v1,
928684091,FLOTTE (KWAL),17230,MARANS,3315Z,https://chantierflotte.com/,TROUVÉ,v2,4.5
930802616,HORIZON LAGON,17220,LA JARNE,3315Z,https://www.horizonlagon.fr,TROUVÉ,v1,
931156954,GUILLAUME ROUSSET (ATELIER SERVICE 17),17870,BREUIL-MAGNE,3315Z,,NON TROUVÉ,,
940905169,OCEANE YACHT,17000,LA ROCHELLE,3315Z,https://www.oceaneyacht.com,TROUVÉ,v1,
941156945,BENJAMIN DUPEUX (MECA'FIX),17540,LE GUE-D'ALLERE,3315Z,,NON TROUVÉ,,
940627797,STELLIO SIGOVIC,17000,LA ROCHELLE,3315Z,,NON TROUVÉ,,
940804909,JEAMERUS BOENY (JEAMES'SY BOAT SERVICE),17100,SAINTES,3315Z,,NON TROUVÉ,,
947980132,GUEM MARDON,17000,LA ROCHELLE,3315Z,,NON TROUVÉ,,
951410281,RE PLAISANCE (RE PLAISANCE),17410,SAINT-MARTIN-DE-RE,3315Z,https://www.bateau-iledere.com/,TROUVÉ,v2,4.5
989350012,BREEZE MARINE (BREEZE MARINE),17630,LA FLOTTE,3315Z,https://www.breeze-marine.fr,TROUVÉ,v1,
990012254,THEO DELGRANGE (DELGRANGE NAUTIQUE),17000,LA ROCHELLE,3315Z,,NON TROUVÉ,,
991798919,FRANCOIS-GUILLAUME BOSSY (FGB NAUTISME),17000,LA ROCHELLE,3315Z,,NON TROUVÉ,,
992097436,THEOPHILE MESCHIN (THEO MECA-ELEC),17300,ROCHEFORT,3315Z,,NON TROUVÉ,,
992577197,KOV-T,17540,VERINES,3315Z,https://www.kov.fr,TROUVÉ,v1,
402019590,ERIC MARTINEZ (VOILIERIE SERVICES OLERON),17650,SAINT-DENIS-D'OLERON,3315Z,https://saint-denis-doleron.opendi.fr/,TROUVÉ,v2,3.5
322952805,JEAN GARRY,17450,FOURAS,3315Z,https://www.garry.com,TROUVÉ,v1,
341730950,MARINE PLAISANCE  SERVICE,17000,LA ROCHELLE,3315Z,https://www.marineplaisanceservice.com,TROUVÉ,v1,
413392770,ATELIER DU MARIN,17000,LA ROCHELLE,3315Z,https://www.paris-ateliers.org/,TROUVÉ,v1,
447914508,EURL NOE NAUTIQUE,17000,LA ROCHELLE,3315Z,https://www.nautique.com,TROUVÉ,v1,
433061595,ALAIN JANSSENS,17000,LA ROCHELLE,3315Z,,NON TROUVÉ,,
502505399,EDOUARD BERNARD,17290,AIGREFEUILLE-D'AUNIS,3315Z,,NON TROUVÉ,,
803997113,LR YACHTING,17450,SAINT-LAURENT-DE-LA-PREE,3315Z,https://www.yachting.fr,TROUVÉ,v1,
342092160,PHILIPPE LEFEVRE,17300,ROCHEFORT,3315Z,https://www.philippelefevre.com,TROUVÉ,v1,
345355713,SARL CALLOCH DIESEL MARINE SERVICE,44420,LA TURBALLE,3315Z,,NON TROUVÉ,,
921851044,GUILLET GUILLOT,17560,BOURCEFRANC-LE-CHAPUS,3315Z,,NON TROUVÉ,,
502836612,SEA BOAT,17440,AYTRE,3315Z,https://www.seaboat.fr,TROUVÉ,v1,
511345837,TRANSAT-ELEC,17440,AYTRE,3315Z,https://www.airtransat.com/,TROUVÉ,v1,
930612205,YACHT TECH INTERNATIONAL (YATCH TECH INTERNATIONAL),17220,LA JARRIE,3315Z,https://www.yacht-tech.fr/,TROUVÉ,v2,3.5
329848022,JEAN MAZERON,20131,PIANOTTOLI-CALDARELLO,3315Z,,NON TROUVÉ,,
352312078,SOLDAT LOISIRS,23000,GUERET,3315Z,,NON TROUVÉ,,
422503458,LANDRY BONAL,24400,SAINT-MEDARD-DE-MUSSIDAN,3315Z,,NON TROUVÉ,,
792300766,FINE YACHT FINISHERS,47210,PARRANQUET,3315Z,,NON TROUVÉ,,
979175734,PASCAL INTROVIGNE (EI INTROVIGNE PASCAL),24100,BERGERAC,3315Z,,NON TROUVÉ,,
503540189,ROMAIN GAREL,40140,AZUR,3315Z,,NON TROUVÉ,,
457201564,G BONNIN FRERES,33120,ARCACHON,3315Z,https://www.bonnin-freres.com,TROUVÉ,v1,
450627336,CONSTRUCTIONS NAVALES RABA,33260,LA TESTE-DE-BUCH,3315Z,,NON TROUVÉ,,
512817685,DUBOURDIEU SERVICES,33470,GUJAN-MESTRAS,3315Z,https://www.dubourdieu.fr/,TROUVÉ,v1,
478894629,AQUITAINE BATEAUX PASSION (ABP),33470,GUJAN-MESTRAS,3315Z,,NON TROUVÉ,,
449642339,GWEN SERVICE (GWEN MARINE SERVICE - G MOTEUR SERVICE),85100,LES SABLES D'OLONNE,3315Z,,NON TROUVÉ,,
753488006,MARINE SERVICES 33 EURL,33260,LA TESTE-DE-BUCH,3315Z,https://www.marineservices33.com,TROUVÉ,v1,
790924682,NAVITEAM (PYP ATLANTIC),33100,BORDEAUX,3315Z,https://naviteam.fr/,TROUVÉ,v2,5.0
921993341,PERFORMANCE PAYTING,,,3315Z,,NON TROUVÉ,,
939281168,MNB,33380,MARCHEPRIME,3315Z,https://www.mnb.com,TROUVÉ,v1,
954053112,MECA-BATEAUX ETS COLMAIRE,33470,GUJAN-MESTRAS,3315Z,,NON TROUVÉ,,
992896241,CHANTIER NAVAL ARCACHON,33470,GUJAN-MESTRAS,3315Z,https://www.chantiernavalducapferret.fr/,TROUVÉ,v2,3.5
324436583,JACKY CLUA,33470,LE TEICH,3315Z,,NON TROUVÉ,,
320216047,GRAND CHANTIER DES PRES SALES,33115,LA TESTE DE BUCH,3315Z,https://gta5grand.com/,TROUVÉ,v1,
322048513,YANNICK LASSAUX (LA CONCIERGERIE),33120,ARCACHON,3315Z,https://www.paris-conciergerie.fr/,TROUVÉ,v2,2.5
378907026,DIDIER DUCLA,33250,PAUILLAC,3315Z,,NON TROUVÉ,,
337846869,STEPHAN RENAUDIN,33470,GUJAN-MESTRAS,3315Z,,NON TROUVÉ,,
439640954,AUTO-NAUTIC,33950,LEGE-CAP-FERRET,3315Z,https://autonautic.com,TROUVÉ,v1,
439641978,CHANTIER NAVAL MADIANA (CHANTIER NAVAL MADIANA LA TESTE MARINA),33470,GUJAN-MESTRAS,3315Z,,NON TROUVÉ,,
437584667,MUSTAPHA BOUABDELLI,33480,AVENSAN,3315Z,,NON TROUVÉ,,
433035003,CRAIG ABRAHAMS,33950,LEGE-CAP-FERRET,3315Z,https://www.craigabrahams.com,TROUVÉ,v1,
434851937,FREDERIC VIVES,33260,LA TESTE-DE-BUCH,3315Z,,NON TROUVÉ,,
393250972,PAUL CHATENET,33260,LA TESTE-DE-BUCH,3315Z,,NON TROUVÉ,,
512142951,HULL CONCEPT,33123,LE VERDON-SUR-MER,3315Z,https://www.concept.fr,TROUVÉ,v1,
514639541,FRANCK MASSA (COMPOSITE NAUTIQUE),33260,LA TESTE-DE-BUCH,3315Z,https://www.massa.com,TROUVÉ,v1,
502531304,BATEAUX SERVICES DU BASSIN D'ARCACHON,33260,LA TESTE-DE-BUCH,3315Z,https://www.bateauxservices.com,TROUVÉ,v1,
453974651,SARL AZUR MARINE MEDOC (SARL AZUR MARINE MEDOC),33123,LE VERDON-SUR-MER,3315Z,https://www.azurmarine.fr/,TROUVÉ,v2,2.5
469202055,GRIZZLI MARINE,33950,LEGE-CAP-FERRET,3315Z,,NON TROUVÉ,,
478016892,YANNICK DA SILVA (ACTION MOBIL PLAISANCE),33138,LANTON,3315Z,https://www.silva.com,TROUVÉ,v1,
489330936,PERREAUD NAUTIQUE,33510,ANDERNOS-LES-BAINS,3315Z,https://www.perreaudnautique.com,TROUVÉ,v1,
489542381,ALEXANDRE COURREGES,33950,LEGE-CAP-FERRET,3315Z,,NON TROUVÉ,,
484292560,ARNAUTIC,33950,LEGE-CAP-FERRET,3315Z,https://arnautic.com,TROUVÉ,v1,
509718078,YACHTING ARCACHON SERVICE,33260,LA TESTE-DE-BUCH,3315Z,https://www.yachting-arcachon.com,TROUVÉ,v1,
532369915,MARC BOUTINET (MB NAUTIC),33260,LA TESTE-DE-BUCH,3315Z,,NON TROUVÉ,,
532858750,GUILLAUME HESNARD,33220,SAINTE-FOY-LA-GRANDE,3315Z,,NON TROUVÉ,,
520378506,BENOIT GRISE,33740,ARES,3315Z,,NON TROUVÉ,,
524532538,VALENTIN BELOEIL,33700,MERIGNAC,3315Z,https://www.beloeil.com,TROUVÉ,v1,
538412008,M. PATANCHON,33470,GUJAN-MESTRAS,3315Z,,NON TROUVÉ,,
498158203,AMB 33,33120,ARCACHON,3315Z,https://www.amb-33.com,TROUVÉ,v1,
753104462,CHANTIER PEINTURE PLAISANCE,33380,BIGANOS,3315Z,,NON TROUVÉ,,
797632932,CYRIL CHOQUET (BARBOTS NAUTIC),33700,MERIGNAC,3315Z,,NON TROUVÉ,,
529989022,CHANTIER NAVAL LAJUS (CNL),33950,LEGE-CAP-FERRET,3315Z,,NON TROUVÉ,,
511345167,JEAN-PAUL FELISIAK (CHANTIER F.),33470,GUJAN-MESTRAS,3315Z,,NON TROUVÉ,,
803410992,JULES BEGUERIE (BOIS DE BORD),66000,PERPIGNAN,3315Z,,NON TROUVÉ,,
803839851,FREDERIC GRAVES (PRESTABOATS RENOVATION),33160,SAINT-MEDARD-EN-JALLES,3315Z,,NON TROUVÉ,,
801128976,PATRICE FROUIN,33350,FLAUJAGUES,3315Z,,NON TROUVÉ,,
809949951,ARNAUD RECLUS,33260,LA TESTE-DE-BUCH,3315Z,,NON TROUVÉ,,
834856254,JEAN SEBASTIEN PEJAC (ESPACE BOAT),33380,BIGANOS,3315Z,,NON TROUVÉ,,
824556906,GERARD NAUTIQUE ARCACHON,33120,ARCACHON,3315Z,https://www.gerard-nautique.fr,TROUVÉ,v1,
832087290,NAUTICSHARK,33420,GENISSAC,3315Z,https://www.nauticshark.fr,TROUVÉ,v1,
848643912,GENERATION HORS BORD,33950,LEGE-CAP-FERRET,3315Z,,NON TROUVÉ,,
842130841,AIGUILLON MECA OCEAN (AIGUILLON MECA OCEAN),33120,ARCACHON,3315Z,,NON TROUVÉ,,
853511301,THOMAS MIKOLAJCZAK (MK NAUTIC),33700,MERIGNAC,3315Z,,NON TROUVÉ,,
828729277,LUDOVIC BODIN (BASSIN LOC BOAT),33950,LEGE-CAP-FERRET,3315Z,,NON TROUVÉ,,
888902525,LUCAS MOUNIC (EIRL MOUNIC LUCAS),33480,MOULIS-EN-MEDOC,3315Z,,NON TROUVÉ,,
912711744,MICHAEL CHACON (MICKA NAUTIC),33138,LANTON,3315Z,,NON TROUVÉ,,
918743048,ROMAIN PASDELOUP (BOATING BASSIN),33260,LA TESTE-DE-BUCH,3315Z,,NON TROUVÉ,,
914151220,ADRIEN MARIE,33240,VAL DE VIRVEE,3315Z,,NON TROUVÉ,,
915272876,ADRIEN PIED (BATEAU PLASSAQUAI),33390,PLASSAC,3315Z,,NON TROUVÉ,,
902142470,BORDEAUX YACHT SYSTEM,33720,LANDIRAS,3315Z,https://www.bordeaux-yacht-system.com,TROUVÉ,v1,
892779430,SEB PLAISANCE (SEB PLAISANCE),33990,HOURTIN,3315Z,,NON TROUVÉ,,
879712818,ITALROM YACHT,33000,BORDEAUX,3315Z,,NON TROUVÉ,,
894485283,STEVE VILDEUIL (EVAZION),33470,LE TEICH,3315Z,,NON TROUVÉ,,
890112501,PIERRE MOUNIC (RENOV BATEAU 33),33480,MOULIS-EN-MEDOC,3315Z,https://www.pierreetvacances.com/,TROUVÉ,v1,
890295363,PASSION NAUTIC ANDERNOS (PASSION NAUTIC ANDERNOS) (PNA),33510,ANDERNOS-LES-BAINS,3315Z,,NON TROUVÉ,,
901345686,CORDOUAN PLAISANCE SERVICES,33123,LE VERDON-SUR-MER,3315Z,https://www.cordouanplaisanceservices.fr,TROUVÉ,v1,
912156007,F2V MARITIME,33270,FLOIRAC,3315Z,https://www.f2v-maritime.com,TROUVÉ,v1,
922941653,JONATHAN SENTUC (JSF.COMPOSITE),33380,MIOS,3315Z,https://shop.jonathan.it/,TROUVÉ,v1,
921189965,YACHT NAUTIC,33310,LORMONT,3315Z,https://www.yachtnautic.fr,TROUVÉ,v1,
903242626,MATHIS DESMARE,33200,BORDEAUX,3315Z,,NON TROUVÉ,,
952320224,OPEN LUNE,33100,BORDEAUX,3315Z,https://www.openlune.com,TROUVÉ,v1,
978441418,LCA CONCEPT,33950,LEGE-CAP-FERRET,3315Z,https://www.concept.fr,TROUVÉ,v1,
933406449,ANSE NAUTIQUE,33510,ANDERNOS-LES-BAINS,3315Z,,NON TROUVÉ,,
988273124,RS NAUTIC AQUITAINE,33450,MONTUSSAN,3315Z,,NON TROUVÉ,,
938046901,MEYNARD NAUTIC,33510,ANDERNOS-LES-BAINS,3315Z,,NON TROUVÉ,,
949620579,REN-EAU-BAT,20260,CALVI,3315Z,https://www.bat.fr,TROUVÉ,v1,
951142090,FERRET MARINE SERVICES,33510,ANDERNOS-LES-BAINS,3315Z,https://www.ferret-marine.fr,TROUVÉ,v1,
951164094,LINO DELPECH CHASTANG (ELECTRO SVALDO),33930,VENDAYS-MONTALIVET,3315Z,https://www.chastang.fr,TROUVÉ,v1,
980257463,BOAT POWER SERVICES,33260,LA TESTE-DE-BUCH,3315Z,https://www.boatpower.fr,TROUVÉ,v1,
980929186,CHARLIE DROUILLARD,33730,UZESTE,3315Z,,NON TROUVÉ,,
981005457,TI'MONNIER,33270,FLOIRAC,3315Z,,NON TROUVÉ,,
489982041,ANTHONY BAEZA,33680,LE PORGE,3315Z,https://www.anthonybaeza.com,TROUVÉ,v1,
101095776,FERRET MARINE SERVICES 2,33510,ANDERNOS-LES-BAINS,3315Z,https://www.ferret-marine.fr,TROUVÉ,v1,
330713876,ATELIERS REPARATION MARITIMES INDUSTRIEL (ARMI),33300,BORDEAUX,3315Z,,NON TROUVÉ,,
408855476,JEAN LACAZE,33990,HOURTIN,3315Z,https://jean-lacaze.mon-ent-occitanie.fr/,TROUVÉ,v1,
449808815,CHANTIER NAVAL DU FOUR,33950,LEGE-CAP-FERRET,3315Z,https://www.chantier-naval.com,TROUVÉ,v1,
482827771,AMPHITRITE,33950,LEGE-CAP-FERRET,3315Z,https://www.amphitrite.fr,TROUVÉ,v1,
481025443,EMBARC,33470,GUJAN MESTRAS,3315Z,https://www.embarc.com,TROUVÉ,v1,
439001157,SARL BATEAUX BOIS,33470,GUJAN MESTRAS,3315Z,https://www.bateaux-bois.com,TROUVÉ,v1,
429233786,LIONEL GLEMET THEZE (GLEMET) (MECA33),33340,QUEYRAC,3315Z,https://www.theze.com,TROUVÉ,v1,
518127956,WILLIAM OMIECINSKI,33740,ARES,3315Z,,NON TROUVÉ,,
347907370,JOSE SUAREZ,33260,LA TESTE-DE-BUCH,3315Z,,NON TROUVÉ,,
422935940,JEAN AYLE (AYLE JEAN PIERRE),33950,LEGE-CAP-FERRET,3315Z,,NON TROUVÉ,,
440294254,GILLES CAVAILLE,33138,LANTON,3315Z,,NON TROUVÉ,,
440710283,JEAN BINOT,33520,BRUGES,3315Z,,NON TROUVÉ,,
435380878,ANTOINE CONNILHERE,33260,LA TESTE-DE-BUCH,3315Z,,NON TROUVÉ,,
424678795,ERIC MICHEL,40160,YCHOUX,3315Z,https://www.ericmichel.com,TROUVÉ,v1,
424180842,JEAN-LOUIS PAPPALARDO,33138,LANTON,3315Z,,NON TROUVÉ,,
316893379,YVES SANDILLON REZER (SANDILLON) (LA PETITE VOILERIE DE LA HUME),33470,GUJAN-MESTRAS,3315Z,,NON TROUVÉ,,
389611088,SARL DB SYSTEMES (DB),33510,ANDERNOS-LES-BAINS,3315Z,,NON TROUVÉ,,
385224043,ATLANTIQUE MARINE CONSTRUCTION (AMC) (AMC NAUTIQUES SERVICES),33470,GUJAN-MESTRAS,3315Z,https://atlanticmarine.fr/,TROUVÉ,v2,2.5
831138193,THOMAS CHACON (TAUSSAT NAUTIC),33138,LANTON,3315Z,,NON TROUVÉ,,
830246674,EURL ATLANTIC NAVY,33300,BORDEAUX,3315Z,https://www.navy.com,TROUVÉ,v1,
884684127,ATELIER DE SAUVEGARDE DU PATRIMOINE NAVAL LOCAL,33470,GUJAN-MESTRAS,3315Z,https://www.atelier.lu/,TROUVÉ,v1,
884924812,MECAP - FERRET,33950,LEGE-CAP-FERRET,3315Z,https://www.mecap-ferret.com,TROUVÉ,v1,
892597691,MATHIEU LE GOFF (MARINE SERVICES MOBILES),33185,LE HAILLAN,3315Z,,NON TROUVÉ,,
893004333,NAVITEC,33150,CENON,3315Z,https://www.navitec.fr,TROUVÉ,v1,
902122837,DOMINIQUE DUTEN (EDITION DU CIEL),33260,LA TESTE-DE-BUCH,3315Z,,NON TROUVÉ,,
898656558,ADM AUTO NAUTIC,33950,LEGE-CAP-FERRET,3315Z,https://www.nautic.com,TROUVÉ,v1,
904771706,BAPSALLE NAUTIQUE,33210,LANGON,3315Z,,NON TROUVÉ,,
808054464,ALAIN TENIOU (PRESQU'ILE NAUTIC),33950,LEGE-CAP-FERRET,3315Z,https://www.presquile-locations.fr/,TROUVÉ,v2,2.5
535377469,CHRISTIAN NICOLAS,33600,PESSAC,3315Z,,NON TROUVÉ,,
910269752,FRANCIS HUET,33470,GUJAN-MESTRAS,3315Z,,NON TROUVÉ,,
922437389,AUTOUR DU BATEAU,33260,LA TESTE-DE-BUCH,3315Z,,NON TROUVÉ,,
919660597,YANN HOUDAILLE (MOTORS BOAT),33260,LA TESTE-DE-BUCH,3315Z,,NON TROUVÉ,,
920717279,ANTOINE FRADET (LB MECABOAT),33115,LA TESTE DE BUCH,3315Z,https://mecaboat06.fr/,TROUVÉ,v2,2.5
491983649,BRUNO DUBUISSON,33138,LANTON,3315Z,,NON TROUVÉ,,
512742511,LES AMIS DES PINASSES,33950,LEGE-CAP-FERRET,3315Z,,NON TROUVÉ,,
512808031,PASCAL BUZI-DEBAT,33120,ARCACHON,3315Z,,NON TROUVÉ,,
500234158,LE PORT A SEC D'ANDERNOS,33510,ANDERNOS-LES-BAINS,3315Z,,NON TROUVÉ,,
511272841,VINCENT RONCO (L'ATELIER NAVAL),33470,GUJAN-MESTRAS,3315Z,https://ateliernavalronco.com/,TROUVÉ,v2,4.5
511857617,MATTHIAS FAURIE,33260,LA TESTE-DE-BUCH,3315Z,,NON TROUVÉ,,
527528970,COURBOUIN PLAISANCE,33510,ANDERNOS-LES-BAINS,3315Z,https://courbouinplaisance.site-solocal.com/,TROUVÉ,v2,4.5
497595702,DIMER BATEAUX,33470,GUJAN-MESTRAS,3315Z,,NON TROUVÉ,,
752416966,SIEGFRIED LEVAYER (SIEGFRIED LEVAYER),33127,MARTIGNAS-SUR-JALLE,3315Z,,NON TROUVÉ,,
794101758,BRUNO DEMONCEAUX,33470,GUJAN-MESTRAS,3315Z,,NON TROUVÉ,,
794592196,JOSE MANUEL MORILLAS (MORILLAS),33470,LE TEICH,3315Z,,NON TROUVÉ,,
790096051,YANN LABORDE,33260,LA TESTE-DE-BUCH,3315Z,,NON TROUVÉ,,
792406324,GRAVAUD,33510,ANDERNOS-LES-BAINS,3315Z,,NON TROUVÉ,,
799898481,AZZIDINE MITACHE,33140,VILLENAVE-D'ORNON,3315Z,,NON TROUVÉ,,
801392507,FREDERIC FREUND,33740,ARES,3315Z,,NON TROUVÉ,,
802293258,CHARLES MAROT,33360,LIGNAN-DE-BORDEAUX,3315Z,,NON TROUVÉ,,
820755874,LOUIS LEFRANCOIS (GOOD BOAT),33880,SAINT-CAPRAIS-DE-BORDEAUX,3315Z,,NON TROUVÉ,,
821476991,NICOLAS CASTAGNET (MECA-MARINE 33),33980,AUDENGE,3315Z,https://www.mecamarine33.fr/,TROUVÉ,v2,3.5
794050054,LES CROISIERES DU BASSIN,33470,GUJAN-MESTRAS,3315Z,,NON TROUVÉ,,
788653681,MARC RAINERO,33450,SAINT-LOUBES,3315Z,https://www.raineroboats.com/,TROUVÉ,v2,3.5
839271665,CHANTIER NAVAL TESTERIN (CNT) (CNT),33260,LA TESTE-DE-BUCH,3315Z,,NON TROUVÉ,,
850503483,BOAT ACCESS RETAILS (BOAT ACCESS),33510,ANDERNOS-LES-BAINS,3315Z,https://www.boataccess.com,TROUVÉ,v1,
851213686,MAXIME VIOLLEAU,85000,LA ROCHE-SUR-YON,3315Z,,NON TROUVÉ,,
853802585,STEVE GUIBERTEAU (MECA MOTOR CONCEPT),33470,GUJAN-MESTRAS,3315Z,,NON TROUVÉ,,
878010362,DAVY LIBONI (DALIB YACHTING),83310,COGOLIN,3315Z,,NON TROUVÉ,,
914247283,MAXIME LACAZE,33510,ANDERNOS-LES-BAINS,3315Z,,NON TROUVÉ,,
949376586,GADIEL BA (CAPTAIN WILL),33470,GUJAN-MESTRAS,3315Z,https://www.ba.com,TROUVÉ,v1,
949477863,SENSEY MARINA,33950,LEGE-CAP-FERRET,3315Z,https://www.sensey-nautic.com/,TROUVÉ,v2,3.5
929040475,ALAIN GUILHON,33760,BAIGNEAUX,3315Z,,NON TROUVÉ,,
938247863,FABIEN BOIS (SPARK MARINE),33100,BORDEAUX,3315Z,https://sparkmaritime.org/,TROUVÉ,v2,3.0
939679692,ARTHUR CALIOT (ARCA COMPOSITE),33980,AUDENGE,3315Z,,NON TROUVÉ,,
951461748,FERRET NAUTIC SERVICES,33950,LEGE-CAP-FERRET,3315Z,,NON TROUVÉ,,
952412203,BLUE MAR CLEAN,66750,SAINT-CYPRIEN,3315Z,https://www.bluemarclean.fr,TROUVÉ,v1,
980328140,2T2K,33123,LE VERDON-SUR-MER,3315Z,https://www.2t2k.com,TROUVÉ,v1,
983238759,EURL AGS NAUTIC (AGS NAUTIC),33260,LA TESTE-DE-BUCH,3315Z,https://www.agsnautic.fr,TROUVÉ,v1,
984974188,CHANTIER RENAUDIN,33470,GUJAN-MESTRAS,3315Z,,NON TROUVÉ,,
988114567,CHANTIER NAVAL RAINERO,33450,SAINT-LOUBES,3315Z,https://www.raineroboats.com/,TROUVÉ,v2,3.5
797525953,LAURENCE PERDOU (L'ATELIER DE LAURENCE),33610,CESTAS,3315Z,,NON TROUVÉ,,
999438286,BASSIN MECANIQUE MARINE,33260,LA TESTE-DE-BUCH,3315Z,https://marineservices33.com/,TROUVÉ,v2,4.5
793060237,DAVID SILOU (DSERVICES),66140,CANET-EN-ROUSSILLON,3315Z,,NON TROUVÉ,,
384271375,LE COMPAS (LE COMPAS MARIN - 33 YACHTING SPORT),33300,BORDEAUX,3315Z,http://www.lecompas.fr/,TROUVÉ,v2,2.5
441376274,EASY SAILING,33450,SAINT-LOUBES,3315Z,,NON TROUVÉ,,
490329836,TECHNI-SAILS,33950,LEGE-CAP-FERRET,3315Z,https://forums.technicpack.net/,TROUVÉ,v1,
519442388,JOHAN DUBROCA,33115,LA TESTE-DE-BUCH,3315Z,,NON TROUVÉ,,
495264897,GALI'VERT (GALI'NAUTIC),33950,LEGE-CAP-FERRET,3315Z,,NON TROUVÉ,,
813779816,MORGAN SAILS,33470,GUJAN-MESTRAS,3315Z,https://www.morgan-sails.com,TROUVÉ,v1,
912483070,ATLANTIC NAVALE,33700,MERIGNAC,3315Z,,NON TROUVÉ,,
437995020,CHANTIER NAVAL DE LARROS,33470,GUJAN-MESTRAS,3315Z,,NON TROUVÉ,,
452739691,FERGO,33260,LA TESTE-DE-BUCH,3315Z,https://www.fergo.com,TROUVÉ,v1,
488608761,COMPOSITES ET ASSOCIES,33300,BORDEAUX,3315Z,https://exa-composites.com/,TROUVÉ,v2,3.0
488920539,NAUTISME DE L'ESTUAIRE,33710,BOURG,3315Z,,NON TROUVÉ,,
399440346,SAIL AQUITAINE SERVICES,33123,LE VERDON-SUR-MER,3315Z,https://www.coteaquitaineplaisance.fr/,TROUVÉ,v2,2.5
513472456,OCEAN PEINTURE 33,33470,GUJAN-MESTRAS,3315Z,,NON TROUVÉ,,
513497909,CHRISTOPHE FRULIO,33460,ARSAC,3315Z,,NON TROUVÉ,,
500734744,DAVID NAUTIQUE,33260,LA TESTE-DE-BUCH,3315Z,,NON TROUVÉ,,
750188740,FONTAINE NAUTIC,33138,LANTON,3315Z,https://www.nautic-fontaine.fr/,TROUVÉ,v2,2.5
597250141,CARON FRERES,33350,SAINT-MAGNE-DE-CASTILLON,3315Z,https://www.caronfreres.com,TROUVÉ,v1,
804470987,MEDOC MARINE L.G.T.,33780,SOULAC-SUR-MER,3315Z,https://www.medocmarinel.g.t..fr,TROUVÉ,v1,
782075253,EDOUARD PIACENTINO,40160,GASTES,3315Z,,NON TROUVÉ,,
982811648,EDEN NAUTIC,40230,BENESSE-MAREMNE,3315Z,https://www.eden-nautic.fr,TROUVÉ,v1,
400824413,FRANCK LHOSPITAL,40140,SOUSTONS,3315Z,https://francknautisme.fr/,TROUVÉ,v2,2.5
820928893,BM (BM) (BM),40600,BISCARROSSE,3315Z,https://www.bm.fr,TROUVÉ,v1,
805059268,IMAD EL-FHEL,40170,MEZOS,3315Z,,NON TROUVÉ,,
841602329,KEVIN LAIROT,40290,MISSON,3315Z,,NON TROUVÉ,,
924019698,OLIVIER BLANCHERY,40600,BISCARROSSE,3315Z,,NON TROUVÉ,,
893560292,MATHIEU GUERU (MGM56),56350,BEGANNE,3315Z,,NON TROUVÉ,,
982945701,FRANCK GUILLERMIER (NAUTIKSERV),40460,SANGUINET,3315Z,https://francknautisme.fr/,TROUVÉ,v2,2.5
401604947,SERGE DIAZ,40600,BISCARROSSE,3315Z,https://www.diaz.fr,TROUVÉ,v1,
482391588,GASTES NAUTIC,40160,GASTES,3315Z,https://www.gastes-nautic-peche.com/,TROUVÉ,v2,4.5
431943448,MANUEL COELHO DANTAS,40160,PARENTIS-EN-BORN,3315Z,,NON TROUVÉ,,
899506943,ESPACE  NAUTIC (ESPACE NAUTIC),40600,BISCARROSSE,3315Z,https://www.nautic.com,TROUVÉ,v1,
501918296,SYLVAIN LEVY (SANGUINAUTIQUE),40460,SANGUINET,3315Z,,NON TROUVÉ,,
509977591,VIRGIL MELLADO (VIRGIL NAUTIC SERVICES),97290,LE MARIN,3315Z,,NON TROUVÉ,,
497844142,JULIEN CHATRIEUX (ATLANTIC BOIS COMPOSITE  A.B.C.),40600,BISCARROSSE,3315Z,,NON TROUVÉ,,
803108877,IDEK (TOILES DES MERS),40460,SANGUINET,3315Z,,NON TROUVÉ,,
881166532,LA MAFRAGUE (LA MAFRAGUE SERVICES),40600,BISCARROSSE,3315Z,,NON TROUVÉ,,
847827045,FERNAND SUDRET (CENTRE NAUTIQUE DES GRANDS LACS),40160,GASTES,3315Z,,NON TROUVÉ,,
849388723,SOS NAUTIC,40600,BISCARROSSE,3315Z,https://www.nautic.com,TROUVÉ,v1,
840163729,JET 40,40210,LABOUHEYRE,3315Z,https://www.40.fr,TROUVÉ,v1,
913759379,SASU CENTRE NAUTIQUE DES GRANDS LACS (CENTRE NAUTIQUE DES GRANDS LACS),40160,GASTES,3315Z,,NON TROUVÉ,,
912522646,FLORIAN JACQUES (MARINE MECA 33),40160,PARENTIS-EN-BORN,3315Z,https://www.mecamarine33.fr/,TROUVÉ,v2,2.5
948672399,NOVA BOAT,40510,SEIGNOSSE,3315Z,https://www.boat.com,TROUVÉ,v1,
990710774,ENZO GAYRAL (EG MOTORS BOAT),40410,PISSOS,3315Z,,NON TROUVÉ,,
440672988,MAT COMPOSITE,40140,SOUSTONS,3315Z,https://www.matcomposite.com,TROUVÉ,v1,
503361966,NAUTIC PLAISANCE,40600,BISCARROSSE,3315Z,https://www.nauticplaisance.fr,TROUVÉ,v1,
903707545,HYDROFLEX,40300,PEY,3315Z,https://www.hydroflex.com,TROUVÉ,v1,
903827723,MAT-NAUTIC,40460,SANGUINET,3315Z,https://www.nautic.com,TROUVÉ,v1,
419557574,OXOON,09600,LAROQUE-D'OLMES,3315Z,,NON TROUVÉ,,
393660097,ACCUEIL MARINE SERVICES (AMS),64700,HENDAYE,3315Z,https://www.azurmarine.fr/,TROUVÉ,v2,2.5
512218371,ROBERT GRAHAM (CASTELMORON NAUTIC),47260,CASTELMORON-SUR-LOT,3315Z,https://www.castelmoron-nautic.fr/,TROUVÉ,v2,5.0
480704790,VILLENEUVE MARINE,47300,VILLENEUVE SUR LOT,3315Z,https://www.villeneuve-marine.fr,TROUVÉ,v1,
838791028,FLORENT THOUVIGNON (MECABOAT 47),47430,LE MAS-D'AGENAIS,3315Z,,NON TROUVÉ,,
792469413,S.A.S.U. BELTZENIA BERRIA,64700,HENDAYE,3315Z,,NON TROUVÉ,,
382002939,PHILIPPE DELAGE (FISALOEY YACHTING),64700,HENDAYE,3315Z,http://fisaloeyachting.wifeo.com/,TROUVÉ,v2,4.5
412786436,SERRAM,64500,CIBOURE,3315Z,https://www.serram.com,TROUVÉ,v1,
491199766,OLIVIER DOS SANTOS (OBS),97133,SAINT BARTHELEMY,3315Z,,NON TROUVÉ,,
498594423,CHANTIER NAVAL DE SOCOA (CHANTIER NAVAL DE SOCOA),44350,GUERANDE,3315Z,https://www.socoa.fr,TROUVÉ,v1,
752478248,ITSAS ARGI S.A.S.U (ITSAS ARGI),64700,HENDAYE,3315Z,https://www.itsas-mendi.com/,TROUVÉ,v1,
528845712,MULTI SERVICES S O ET S E,64600,ANGLET,3315Z,https://www.multi-services.fr,TROUVÉ,v1,
812434975,HAIZE ARIMA,64500,CIBOURE,3315Z,https://www.arima.com,TROUVÉ,v1,
828469189,KEVIN GUICHEMERRE (MARINE MOTORS),64700,HENDAYE,3315Z,,NON TROUVÉ,,
910516038,TONY RIESCO (TMS64),64122,URRUGNE,3315Z,,NON TROUVÉ,,
822662375,BENOIT REFFE,64500,CIBOURE,3315Z,,NON TROUVÉ,,
879125136,RICHARD MARTINEZ,64700,HENDAYE,3315Z,https://www.richard-martinez.com,TROUVÉ,v1,
325901619,ALAIN LAY (KRP),64122,URRUGNE,3315Z,https://lay.com,TROUVÉ,v1,
423448059,PATRICK HURTADO (PATRICK BELTZENIA),64700,HENDAYE,3315Z,,NON TROUVÉ,,
430454876,CHANTIERS TXINGUDI,64700,HENDAYE,3315Z,,NON TROUVÉ,,
378502199,FRANCK LERONDEAU (LERONDEAU) (PDB MARINE),13110,PORT-DE-BOUC,3315Z,https://francknautisme.fr/,TROUVÉ,v2,2.5
881890693,TEDDY GULCKERS,64310,SARE,3315Z,,NON TROUVÉ,,
514232636,MICHEL SAN SEBASTIAN,64700,HENDAYE,3315Z,,NON TROUVÉ,,
582721155,CAPENDEGUY & CIE,64500,CIBOURE,3315Z,https://www.capendeguy.fr/,TROUVÉ,v2,5.0
799868922,MICHEL COUDERC,64210,AHETZE,3315Z,,NON TROUVÉ,,
805323037,SARL BIDASSOA MARINE,64700,HENDAYE,3315Z,,NON TROUVÉ,,
812303261,VERONIQUE COURVOISIER,64500,SAINT-JEAN-DE-LUZ,3315Z,,NON TROUVÉ,,
850489899,MECAN'EAU,64600,ANGLET,3315Z,,NON TROUVÉ,,
927982157,VANESSA MARX,64700,HENDAYE,3315Z,https://www.vanessamarx.com,TROUVÉ,v1,
402445084,ARGUIN LIMITED COMPANY,,,3315Z,https://companycheck.co.uk/,TROUVÉ,v2,4.5
753368513,JUAN MARIN,64700,HENDAYE,3315Z,https://www.juan-marin.com,TROUVÉ,v1,
379752272,BERNARD BONNIFET,79230,VOUILLE,3315Z,,NON TROUVÉ,,
451665178,SOCIETE DE MAINTENANCE BOAT (SOMABOAT),85220,SAINT-REVEREND,3315Z,http://www.somaboat.fr/,TROUVÉ,v2,2.5
908912348,THIERRY TECHER (MAT POLYESTER),79700,MAULEON,3315Z,,NON TROUVÉ,,
905000667,THOMAS ARNAULT,79200,POMPAIRE,3315Z,,NON TROUVÉ,,
499549707,HORIZONS MARINES,79000,NIORT,3315Z,,NON TROUVÉ,,
951419126,NAUTIC CHARENTE,79000,NIORT,3315Z,https://www.nauticcharente.fr,TROUVÉ,v1,
444894000,THIERRY DUBEAU (LA MOUETTE QUI PETE),86580,VOUNEUIL-SOUS-BIARD,3315Z,,NON TROUVÉ,,
921532909,GOLDEN SAILS CORPORATION (GOLDEN SAILS CORPORATION) (GSC),86000,POITIERS,3315Z,,NON TROUVÉ,,
982889552,OLEG PETROV,86000,POITIERS,3315Z,https://www.olegpetrov.com,TROUVÉ,v1,
515318624,THE YACHT PAINTING COMPANY,87160,SAINT-SULPICE-LES-FEUILLES,3315Z,,NON TROUVÉ,,
824131817,MILLE NAUTIQUE,87470,PEYRAT-LE-CHATEAU,3315Z,https://www.mille-nautique.fr,TROUVÉ,v1,
853925212,LEZARD AVIRON,87290,CHATEAUPONSAC,3315Z,https://www.lezard-aviron.fr,TROUVÉ,v1,
421481169,CROISIERES INTER-ILES,17000,LA ROCHELLE,5010Z,https://www.inter-iles.com/,TROUVÉ,v1,
405196312,PROMENADES EN MER ROYANNAISES (PMR),17200,SAINT-SULPICE-DE-ROYAN,5010Z,https://www.croisierelasirene.com/,TROUVÉ,v2,3.5
531053510,ECUME DE RE,17410,SAINT-MARTIN-DE-RE,5010Z,https://iledere-nautisme.com/,TROUVÉ,v2,3.5
985084532,VENT DANS LES VOILES,17190,SAINT-GEORGES-D OLERON,5010Z,https://www.voiles.fr,TROUVÉ,v1,
348116971,SOCIETE FOURAS AIX,17123,ILE-D'AIX,5010Z,https://www.liaison-maritime-fouras-aix.com/,TROUVÉ,v2,3.0
922395892,KEOLIS MARITIME FOURAS AIX,17450,FOURAS,5010Z,https://iledaix.fr/,TROUVÉ,v2,3.5
434670154,LES CROISIERES OLERONAISES (CROISIERES ALIZES),17550,DOLUS-D'OLERON,5010Z,https://les-croisieres-oleronaises.fr/,TROUVÉ,v2,2.5
482813268,SAINT DENIS CROISIERES,17650,SAINT-DENIS-D'OLERON,5010Z,https://saint-denis-croisieres.fr,TROUVÉ,v1,
443268107,CROISIERES IMPERIALES (CI),17300,ROCHEFORT,5010Z,https://www.croisieres.fr/,TROUVÉ,v2,2.5
481366805,JET REVASION,17590,ARS-EN-RE,5010Z,https://www.jetrevasion.com,TROUVÉ,v1,
508689411,Y.D FISHING,17300,VERGEROUX,5010Z,https://www.ydfishing.fr/,TROUVÉ,v2,5.0
750118382,TRANS PERTUIS (TRANS PERTUIS),17000,LA ROCHELLE,5010Z,,NON TROUVÉ,,
753640564,DREAM ON,17410,SAINT-MARTIN-DE-RE,5010Z,https://www.dreamon.fr,TROUVÉ,v1,
813808656,KELONE,17000,LA ROCHELLE,5010Z,https://www.kelone.fr,TROUVÉ,v1,
800179897,LUZ VEGA SOTO (PECHE EN MER OLERON),17190,SAINT-GEORGES-D'OLERON,5010Z,https://www.ile-oleron-marennes.com/,TROUVÉ,v2,3.0
812146249,JEAN MARC BUTREAU,17138,SAINT-XANDRE,5010Z,https://www.butreau.fr,TROUVÉ,v1,
810600163,SEUDRE CROISIERES,17113,MORNAC-SUR-SEUDRE,5010Z,https://www.seudrecroisieres.fr,TROUVÉ,v1,
819166950,ILE OU AILE CATAMARAN,17550,DOLUS-D'OLERON,5010Z,https://www.ileouailecatamaran.com,TROUVÉ,v1,
849473269,CAPITAINE MORGAN,59152,TRESSIN,5010Z,https://www.morgan.fr,TROUVÉ,v1,
908093149,CAPEOLE YACHTING COMPANY (CAP'EOLE YATCHING COMPANY),17580,LE BOIS-PLAGE-EN-RE,5010Z,,NON TROUVÉ,,
880327184,3 D ATLANTIQUE (3 D ATLANTIQUE),17000,LA ROCHELLE,5010Z,https://www.atlantique.com,TROUVÉ,v1,
928904150,SKIP AND SEA,17190,SAINT-GEORGES-D'OLERON,5010Z,https://www.skipandsea.fr,TROUVÉ,v1,
952784254,ALBARQUEL,17730,PORT-DES-BARQUES,5010Z,https://www.albarquel.fr,TROUVÉ,v1,
983792532,ALLIGATOR,17560,BOURCEFRANC-LE-CHAPUS,5010Z,https://www.alligator.fr,TROUVÉ,v1,
984303859,CANOPEE - CROISIERES A LA VOILE (CANOPEE CROISIERES A LA VOILE),17480,LE CHATEAU-D'OLERON,5010Z,,NON TROUVÉ,,
984690735,COUZINOU,17320,SAINT-JUST-LUZAC,5010Z,,NON TROUVÉ,,
982374936,NOTRE DAME DES FLOTS (NDDF),17000,LA ROCHELLE,5010Z,https://www.notredamedesflots.fr,TROUVÉ,v1,
993424712,LILLIAN DELTEIL-VALADE (LDV YACHTING),17123,ILE-D'AIX,5010Z,,NON TROUVÉ,,
100785690,L'ESCAPADE,17800,CHADENAC,5010Z,,NON TROUVÉ,,
325923720,ROLAND COSMAO,97150,SAINT MARTIN,5010Z,,NON TROUVÉ,,
437603947,PASCAL LACOSTE (SKIPATLANTIQUE),17000,LA ROCHELLE,5010Z,https://www.lacoste.fr,TROUVÉ,v1,
488792938,ROUTE PECHE (ROUTE PECHE),17310,SAINT-PIERRE-D'OLERON,5010Z,https://www.routepeche.fr,TROUVÉ,v1,
903554855,DEFOY FAMILY (YACHT CONTROL CHARTERS),97150,SAINT-MARTIN,5010Z,https://family.com,TROUVÉ,v1,
900568643,CNC COTE DE BEAUTE,17120,COZES,5010Z,https://www.lecotedebeaute.fr/,TROUVÉ,v2,2.5
818882987,ELIO MONROUZEAU (LA CITADELLE),17480,LE CHATEAU D'OLERON,5010Z,https://www.monrouzeau.com,TROUVÉ,v1,
509075552,INTER-ILES CATAMARANS (INTER-ILES CATAMARANS) (T.M.A.R.),17000,LA ROCHELLE,5010Z,https://www.inter-iles-catamarans.com,TROUVÉ,v1,
910945476,ERIC ERIC COCKX (OCEAN EVASION & SERVICES),17000,LA ROCHELLE,5010Z,,NON TROUVÉ,,
502517105,RIVAGES KAPALOUEST,17000,LA ROCHELLE,5010Z,https://www.kapalouest.com/,TROUVÉ,gmaps,0.8
513045591,CHRISTOPHE GUERRY,17230,SAINT-OUEN-D'AUNIS,5010Z,,NON TROUVÉ,,
505148023,FLORENT FAUCHER (LA ROCHELLE SUR L'EAU),17000,LA ROCHELLE,5010Z,https://www.larochellesurleau.com/,TROUVÉ,v2,4.5
529754616,SARL CROISIERES ALIZE,17780,SAINT-NAZAIRE-SUR-CHARENTE,5010Z,https://www.croisieres-alize.com,TROUVÉ,v1,
532482866,BENJI HORIZON VOILE,17000,LA ROCHELLE,5010Z,https://www.voilehorizon.com/,TROUVÉ,v2,4.5
533321568,LA ROCHELLE CROISIERES,17000,LA ROCHELLE,5010Z,https://www.larochelle.port.fr/,TROUVÉ,v2,3.5
538007428,SIMON MERLINO (LA JEANNETTE),17310,SAINT-PIERRE-D'OLERON,5010Z,,NON TROUVÉ,,
521355107,HERVE MOREL,17190,SAINT-GEORGES-D'OLERON,5010Z,,NON TROUVÉ,,
812132850,DONGUILA II,17880,LES PORTES-EN-RE,5010Z,,NON TROUVÉ,,
834290694,TRANSDEV MARITIME LA ROCHELLE,17000,LA ROCHELLE,5010Z,,NON TROUVÉ,,
841928179,LUDOVIC MORIN (LUDO CONVOYAGE LA ROCHELLE),17630,LA FLOTTE,5010Z,,NON TROUVÉ,,
827968512,GERARD HAYEWSKI,17000,LA ROCHELLE,5010Z,,NON TROUVÉ,,
929702629,MARELISIO,17310,SAINT-PIERRE-D'OLERON,5010Z,,NON TROUVÉ,,
983402108,GULF STREAM TRANSPORTS (GULF STREAM TRANSPORTS),17000,LA ROCHELLE,5010Z,,NON TROUVÉ,,
513240275,LITTORAL EXPRESS,17190,SAINT-GEORGES-D'OLERON,5010Z,,NON TROUVÉ,,
903062073,NEODIVE FRANCE,17450,FOURAS,5010Z,,NON TROUVÉ,,
980073324,LOVEBOAT RENT,17250,LA VALLEE,5010Z,,NON TROUVÉ,,
494176274,VIALLE ET VOILIERS SARL,17000,LA ROCHELLE,5010Z,,NON TROUVÉ,,
982391807,MON NAVI,17140,LAGORD,5010Z,https://www.navi.fr,TROUVÉ,v1,
432047207,FREDERIC COMBES ([ND]),[ND],FOURAS,5010Z,https://www.combes.com,TROUVÉ,v1,
423531151,CONTAINERSHIPS LTD-OY,,,5010Z,https://www.containerships.eu/,TROUVÉ,v1,
994672079,GRAND LARGE,24650,CHANCELADE,5010Z,https://www.grandlarge.fr,TROUVÉ,v1,
328284542,PHILIPPE MAJZELS,24470,CHAMPS-ROMAIN,5010Z,,NON TROUVÉ,,
815243852,CORSICA LINEA (CORSICA LINEA),20000,AJACCIO,5010Z,https://www.corsicalinea.com,TROUVÉ,v1,
421956764,THIBAUD LOUART,33260,LA TESTE-DE-BUCH,5010Z,,NON TROUVÉ,,
344988761,LAURENT MARTINERIE,33260,LA TESTE-DE-BUCH,5010Z,,NON TROUVÉ,,
431536879,FRANCIS VIMONT (NOMAD BOAT),33115,LA TESTE DE BUCH,5010Z,,NON TROUVÉ,,
442397303,DOLPHIN JET SCHOOL,33950,LEGE-CAP-FERRET,5010Z,https://dolphinjet.com/,TROUVÉ,v2,4.5
452298094,HERVE CLEMENT (SKIPPER COMPAGNIE),33260,LA TESTE-DE-BUCH,5010Z,,NON TROUVÉ,,
494095946,GREGORY CONNAN,93250,VILLEMOMBLE,5010Z,,NON TROUVÉ,,
912154432,LLB (ARCACHON DECOUVERTE) (SARL),40260,CASTETS,5010Z,https://arcachondecouverte.fr/,TROUVÉ,v2,2.5
402839344,ABP UHAINA CROISIERES,97118,SAINT-FRANCOIS,5010Z,http://www.uhaina-croisieres-guadeloupe.com/,TROUVÉ,gmaps,0.8
403274244,COMPAGNIE DES GOELETTES,14850,HEROUVILLETTE,5010Z,,NON TROUVÉ,,
482053758,BAT   EXPRESS,64130,CHARRITTE-DE-BAS,5010Z,https://www.batexpress.fr,TROUVÉ,v1,
532520285,CEDRIC RICARD (TI REV),97229,LES TROIS-ILETS,5010Z,https://www.ricard.com,TROUVÉ,v1,
840537823,CAP MAYOR,33160,SAINT-MEDARD-EN-JALLES,5010Z,https://www.mayor.fr,TROUVÉ,v1,
952809283,MCS (MY CAPTAIN SERVICES),33120,ARCACHON,5010Z,https://www.mycaptainservices.fr/,TROUVÉ,v2,5.0
331398321,SOC CARIBEENNE NAVIGATION,97139,LES ABYMES,5010Z,,NON TROUVÉ,,
383692654,FLORENCE PEYRAS,33120,ARCACHON,5010Z,,NON TROUVÉ,,
397637034,FLAM,33160,SAINT AUBIN DE MEDOC,5010Z,,NON TROUVÉ,,
448333609,LUDOVIC HELOU,33470,GUJAN-MESTRAS,5010Z,,NON TROUVÉ,,
448482000,SOCIETE OFFSHORE SERVICES (SOS),33260,LA TESTE-DE-BUCH,5010Z,https://www.offshoreservices.fr/,TROUVÉ,v2,2.5
305135097,PATRICK CORUE,33120,ARCACHON,5010Z,,NON TROUVÉ,,
425283108,STE  COOP DU NAVIRE CARANTEC,33000,BORDEAUX,5010Z,,NON TROUVÉ,,
450250386,BT MOUILLAGES,33950,LEGE-CAP-FERRET,5010Z,https://www.mouillages.fr,TROUVÉ,v1,
489199695,T-YACHTING,33400,TALENCE,5010Z,https://www.yachting.fr,TROUVÉ,v1,
484694187,GUILLAUME COURTAIGNE (ISABELLE),33260,LA TESTE-DE-BUCH,5010Z,,NON TROUVÉ,,
510911969,MATIMAE,33260,LA TESTE-DE-BUCH,5010Z,,NON TROUVÉ,,
510971591,JEROME JEANDREAU (LA PINASSE NAMASTE),33950,LEGE-CAP-FERRET,5010Z,,NON TROUVÉ,,
510351554,LAURENT GUIRAUDON,33260,LA TESTE-DE-BUCH,5010Z,,NON TROUVÉ,,
527676761,CATAMARANS BASSINS D ARCACHON SUD CATABAS (CATABAS),33260,LA TESTE-DE-BUCH,5010Z,https://www.catabas.fr,TROUVÉ,v1,
801906850,STEPHANE BAYLE,33121,CARCANS,5010Z,https://www.stephanebayle.com,TROUVÉ,v1,
814956819,H & H COMPAGNIE,33260,LA TESTE-DE-BUCH,5010Z,https://www.compagnie.com,TROUVÉ,v1,
800021966,ARCACHON BASSIN COMPAGNIE,33260,LA TESTE-DE-BUCH,5010Z,https://www.compagnie.com,TROUVÉ,v1,
811290071,SLG,33970,LEGE-CAP-FERRET,5010Z,https://www.slg.com,TROUVÉ,v1,
820079499,VEDETTE LA BOHEME (VEDETTE LA BOHEME),33123,LE VERDON-SUR-MER,5010Z,https://www.vedette.fr/,TROUVÉ,v1,
781755558,ASS UNION DES BATELIERS ARCACHONNAIS,33120,ARCACHON,5010Z,https://bateliers-arcachon.com/,TROUVÉ,v2,3.0
834980781,J.E.L. MARINE,33950,LEGE-CAP-FERRET,5010Z,https://www.jandemarine.com/,TROUVÉ,v2,3.5
830488045,DES HOMMES ET DES MERS (DES HOMMES ET DES MERS),33970,LEGE-CAP-FERRET,5010Z,https://www.deshommesetdesmers.com,TROUVÉ,v1,
837736065,MAXIME BORSU (BORSU MAXIME),33260,LA TESTE-DE-BUCH,5010Z,,NON TROUVÉ,,
848022984,FRANCIS CAMPS,33950,LEGE-CAP-FERRET,5010Z,,NON TROUVÉ,,
853436251,ARGUIN SAILING (ARGUIN SAILING) (AS),33260,LA TESTE-DE-BUCH,5010Z,https://www.arguin-sailing.fr,TROUVÉ,v1,
853547131,SEAPASS SERVICES,33120,ARCACHON,5010Z,,NON TROUVÉ,,
828994764,JULIEN JEANNEAU (SXM BOAT SERVICES),97150,SAINT-MARTIN,5010Z,https://www.cardiboatsxm.com/,TROUVÉ,v2,4.5
889756201,A L EAU RAGOT (PINASSE SHANG-HAIOTTE),33950,LEGE-CAP-FERRET,5010Z,https://pinassemandarine.fr/,TROUVÉ,v2,2.5
920191301,LAURENT ROBINSON (CAP'BAT'BASSIN),33127,MARTIGNAS-SUR-JALLE,5010Z,https://www.capbatbassin.fr/,TROUVÉ,v2,5.0
920198223,SP YACHTING,33200,BORDEAUX,5010Z,https://www.spyachting.com,TROUVÉ,v1,
920503497,BIGOT PINASSE COMPAGNIE,33980,AUDENGE,5010Z,https://www.compagnie.com,TROUVÉ,v1,
921497582,LES CHALANDS DU CAP,33950,LEGE-CAP-FERRET,5010Z,https://www.boatindustry.fr/,TROUVÉ,v2,2.5
903627974,MAEVA,33370,YVRAC,5010Z,https://www.maeva.com,TROUVÉ,v1,
908930571,CROISIERE JOUVENCE,33470,GUJAN-MESTRAS,5010Z,https://www.croisierejouvence.fr,TROUVÉ,v1,
912355633,FAMILA SEA (MER ET NATURE),33260,LA TESTE-DE-BUCH,5010Z,https://meretnature.fr/,TROUVÉ,v2,2.5
914471685,LEGLISE ET FILS (OYSTER CROISIERE),33470,GUJAN-MESTRAS,5010Z,,NON TROUVÉ,,
914679352,ASSOCIATION BATEAUX PARTAGES,33000,BORDEAUX,5010Z,,NON TROUVÉ,,
914938790,AGENCE NAUTIQUE,33120,ARCACHON,5010Z,https://www.agence-nautique.com,TROUVÉ,v1,
949182703,T.S BASSIN TOURISME,33260,LA TESTE-DE-BUCH,5010Z,,NON TROUVÉ,,
835318163,BORDEAUX YACHTING,33100,BORDEAUX,5010Z,https://www.bordeauxyachting.com,TROUVÉ,v1,
898045422,ARCACHON EN PINASSE,33470,LE TEICH,5010Z,https://www.arcachonenpinasse.fr,TROUVÉ,v1,
900042854,CAP 114,33260,LA TESTE-DE-BUCH,5010Z,https://www.cap114.fr,TROUVÉ,v1,
900839945,LE BATELIER DE SUZETTE,33770,SALLES,5010Z,https://www.lebatelierdesuzette.com,TROUVÉ,v1,
881023758,FREDERIC THUREAU,33770,SALLES,5010Z,,NON TROUVÉ,,
894528371,ARCACHON SPORT&EVASION,33120,ARCACHON,5010Z,,NON TROUVÉ,,
897508446,COMPAGNIE MARITIME SEAWAY,33115,LA TESTE DE BUCH,5010Z,https://seaway-transports-maritimes.fr/,TROUVÉ,v2,2.5
977956580,JLOW BOAT,33120,ARCACHON,5010Z,,NON TROUVÉ,,
991308768,GHP YACHTING,33200,BORDEAUX,5010Z,https://www.yachting.fr,TROUVÉ,v1,
991449406,LAMANTIN,33400,TALENCE,5010Z,https://www.lamantin.com,TROUVÉ,v1,
982195513,FREDERIC NONY,33710,BOURG,5010Z,https://www.nony.fr,TROUVÉ,v1,
989496872,NAVIRE INAE,33950,LEGE-CAP-FERRET,5010Z,,NON TROUVÉ,,
408610061,COMPAGNIE DE NAVIGATION CHARTER'S 2 (CNC2),33270,BOULIAC,5010Z,,NON TROUVÉ,,
470103797,MICHEL NOLIBE,33120,ARCACHON,5010Z,,NON TROUVÉ,,
493895668,KERMARO,33300,BORDEAUX,5010Z,,NON TROUVÉ,,
521131243,STAN BERNARDI,33470,GUJAN-MESTRAS,5010Z,,NON TROUVÉ,,
521217554,FREDERIC CAZOU,33950,LEGE-CAP-FERRET,5010Z,,NON TROUVÉ,,
441380359,VENT D'ARGUIN ORGANISATION,33260,LA TESTE-DE-BUCH,5010Z,https://www.ventdarguin.com/,TROUVÉ,v2,3.0
491004750,SYLVAIN JAVERNAUD (MARINE SKIPPER SERVICE),33470,GUJAN-MESTRAS,5010Z,http://skipper-service.fr/,TROUVÉ,v2,2.5
430292003,DIDIER CAUBIT,33470,GUJAN-MESTRAS,5010Z,,NON TROUVÉ,,
425283041,STE  COOP DU  NAVIRE AZEROT,33000,BORDEAUX,5010Z,,NON TROUVÉ,,
391548468,DIDIER MEYNARD,33510,ANDERNOS-LES-BAINS,5010Z,https://www.didier-meynard.com,TROUVÉ,v1,
398521955,MARC BOUYE (NAVIRE BELHARRA),33470,GUJAN-MESTRAS,5010Z,,NON TROUVÉ,,
882995657,L'ONDOYANT,33680,LE PORGE,5010Z,,NON TROUVÉ,,
903251999,CLAIR FONDS (CLAIR FONDS),33470,LE TEICH,5010Z,https://www.clairfonds.com,TROUVÉ,v1,
899797021,JL LOCATION,33950,LEGE-CAP-FERRET,5010Z,https://www.jl-location.com,TROUVÉ,v1,
902088392,AU FIL DE L'O,33470,GUJAN-MESTRAS,5010Z,https://www.aufil.fr,TROUVÉ,v1,
898786769,PINASSE TRADITION (PINASSE TRADITION),33260,LA TESTE-DE-BUCH,5010Z,https://pinasse-ainhoa.fr/,TROUVÉ,v1,
908021595,PRIVATE CAPTAIN,33120,ARCACHON,5010Z,https://www.privatecaptain.fr,TROUVÉ,v1,
822154787,BASSE MER,33510,ANDERNOS-LES-BAINS,5010Z,https://www.bassemer.eu/,TROUVÉ,v2,4.5
815339114,GREGORY BERTHIER (BERTHIER GREGORY),33120,ARCACHON,5010Z,,NON TROUVÉ,,
895152478,ALBATROS TAXI BOAT,33138,LANTON,5010Z,,NON TROUVÉ,,
910481936,BASSIN DUNE PLAISIR (BASSIN DUNE PLAISIR),33470,GUJAN-MESTRAS,5010Z,https://www.bassinduneplaisir.com,TROUVÉ,v1,
911648467,DHEDM2,33950,LEGE-CAP-FERRET,5010Z,,NON TROUVÉ,,
911894483,BALADE BATEAU ARCACHON,33470,GUJAN-MESTRAS,5010Z,https://www.baladebateauarcachon.fr,TROUVÉ,v1,
919981431,BLUE BASSIN EVASION (BLUE BASSIN EVASION),33470,GUJAN-MESTRAS,5010Z,https://www.bleuevasion.fr/,TROUVÉ,v2,2.5
511233272,JALILO,33120,ARCACHON,5010Z,https://www.jalilo.fr,TROUVÉ,v1,
529875627,XAVIER BOYER (XAVIER BOYER),33950,LEGE-CAP-FERRET,5010Z,https://www.xavierboyer.fr,TROUVÉ,v1,
532096534,GUILLAUME DEBORD (DESIRADE),33120,ARCACHON,5010Z,,NON TROUVÉ,,
793017104,DAVIS MAGNUS,33550,CAPIAN,5010Z,,NON TROUVÉ,,
800859761,STEPHANE LASSERRE (LASSERRE CONCEPT CONSTRUCTION),33120,ARCACHON,5010Z,,NON TROUVÉ,,
803726082,STEPHANE BOUCHOUCHA (ETS BOUCHOUCHA/ GLOBE TROTTER),33470,GUJAN-MESTRAS,5010Z,,NON TROUVÉ,,
809140189,NAVETTE DU BASSIN (TRAVAUX MARITIME DU BASSIN),33260,LA TESTE-DE-BUCH,5010Z,https://www.bassin-arcachon-info.com/,TROUVÉ,v2,3.0
805082369,RODOLPHE SASSO (COMPAGNIE MARITIME DE LA PRESQU'ILE),33510,ANDERNOS-LES-BAINS,5010Z,https://www.compagnie-maritime.fr/,TROUVÉ,v2,2.5
810112482,CHARLY MORCATE,33120,ARCACHON,5010Z,,NON TROUVÉ,,
811272426,MAXIME CAUBIT (LE PASSANT IV),33260,LA TESTE-DE-BUCH,5010Z,,NON TROUVÉ,,
812770881,JEAN BERTRAND (PAUL LUCE PECHE SPORTIVE),33950,LEGE-CAP-FERRET,5010Z,,NON TROUVÉ,,
833566037,TJF MARINE,33950,LEGE-CAP-FERRET,5010Z,https://www.marine.fr,TROUVÉ,v1,
750987497,LA COMPAGNIE DES DEUX RIVES,33710,BAYON-SUR-GIRONDE,5010Z,https://www.theatredesdeuxrives-versailles.fr/,TROUVÉ,v2,2.5
880397286,LAURENT PEVROL (PEVROL LAURENT MARIE GALANTE),33950,LEGE-CAP-FERRET,5010Z,,NON TROUVÉ,,
851199166,CANFOUINE DEL MAR,33950,LEGE-CAP-FERRET,5010Z,,NON TROUVÉ,,
851409458,LGM (LES VEDETTES DU BASSIN D'ARCACHON),33320,EYSINES,5010Z,,NON TROUVÉ,,
853277572,LA VILLA DES T,33120,ARCACHON,5010Z,https://www.lavilla.fr,TROUVÉ,v1,
845093095,BALADE.CHALAND.ARCACHON,33950,LEGE-CAP-FERRET,5010Z,,NON TROUVÉ,,
847622487,PINASSE FREEBAY,33260,LA TESTE-DE-BUCH,5010Z,https://www.pinasse-freebay.fr,TROUVÉ,v1,
847667912,ST2L CRUISING,33770,SALLES,5010Z,,NON TROUVÉ,,
847977378,CAP O LARGE,33970,LEGE-CAP-FERRET,5010Z,https://www.caplarge.com,TROUVÉ,v1,
843753567,PETIT PRINCE,33115,LA TESTE-DE-BUCH,5010Z,https://www.petitprince.com,TROUVÉ,v1,
840249353,A.T.B. (A.T.B.),40160,PARENTIS-EN-BORN,5010Z,https://www.a.t.b..fr,TROUVÉ,v1,
828445700,THIBAULT GADRAS,33470,GUJAN-MESTRAS,5010Z,,NON TROUVÉ,,
895393023,ASSOCIATION CRUISE BORDEAUX,33300,BORDEAUX,5010Z,https://www.cruise-bordeaux.com/,TROUVÉ,v2,3.0
901005595,PAUL PLASSOT (BA MARITEAM),33950,LEGE-CAP-FERRET,5010Z,,NON TROUVÉ,,
899184253,HUGO SAINT-JOURS,33950,LEGE-CAP-FERRET,5010Z,,NON TROUVÉ,,
913844296,LA PINASSE DU CANON (LA PINASSE D'ESTEBAN),33950,LEGE-CAP-FERRET,5010Z,https://www.canon.fr,TROUVÉ,v1,
914922968,BALADES EN PINASSES,33120,ARCACHON,5010Z,https://arcachon-en-pinasse.fr/,TROUVÉ,v2,3.5
918127614,MARLIN BOAT,33470,GUJAN-MESTRAS,5010Z,,NON TROUVÉ,,
929200319,SANTA MARIA (SANTA MARIA),33950,LEGE-CAP-FERRET,5010Z,https://www.santamaria.com,TROUVÉ,v1,
927724849,CAPZENAVENTURE,33950,LEGE-CAP-FERRET,5010Z,https://www.capzenaventure.com,TROUVÉ,v1,
912153483,SENSATIONS CATAMARAN,33600,PESSAC,5010Z,https://www.sensationscatamaran.fr,TROUVÉ,v1,
941056533,FRIENDS,33570,LUSSAC,5010Z,https://friends.com,TROUVÉ,v1,
938346160,ARCACHON CROISIERE OCEAN,33740,ARES,5010Z,https://croisierejouvence.fr/,TROUVÉ,v2,2.5
948245279,MATAROA,33260,LA TESTE-DE-BUCH,5010Z,,NON TROUVÉ,,
948454202,MEDOC EN MER,33340,QUEYRAC,5010Z,https://www.medoc-en-mer.fr,TROUVÉ,v1,
951878511,BESTAVEN - RAYMOND,33540,SAINT-LAURENT-DU-BOIS,5010Z,https://yannickbestaven.fr/,TROUVÉ,v2,2.5
952218873,UBA,33260,LA TESTE-DE-BUCH,5010Z,http://www.bateliers-arcachon.com/,TROUVÉ,gmaps,0.8
952318996,FERRET  YACHTING (FERRET YACHTING),33950,LEGE-CAP-FERRET,5010Z,https://www.yachting.com,TROUVÉ,v1,
952788339,PINASSE TUANIS,33380,MIOS,5010Z,,NON TROUVÉ,,
978791853,BATEAU TAXI LE PASSEUR,33260,LA TESTE-DE-BUCH,5010Z,,NON TROUVÉ,,
984086744,THOMAS EL BAZ DIT NOUCHY (PINASSE MANDARINE),33260,LA TESTE-DE-BUCH,5010Z,,NON TROUVÉ,,
984794909,PINASSE & CO,33740,ARES,5010Z,https://www.pinasseco.com,TROUVÉ,v1,
999957681,PINASSE ROMARIN,33120,ARCACHON,5010Z,https://pinasse-electrique.e-marine.fr/,TROUVÉ,v2,3.5
100414838,PINASSE HAUTEBELLE,33260,LA TESTE-DE-BUCH,5010Z,,NON TROUVÉ,,
100646975,SO TUILERIES (COTE PINASSE),33120,ARCACHON,5010Z,https://www.ma-balade-en-pinasse.com/,TROUVÉ,v2,3.0
504393554,MC DEVELOPPEMENT - CAP'ALIZES,33000,BORDEAUX,5010Z,,NON TROUVÉ,,
523151330,GUILLAUME PRIOU ([ND]),[ND],BORDEAUX,5010Z,,NON TROUVÉ,,
802744292,SPLIT SECOND CHARTER LTD,,,5010Z,https://www.ltd.fr,TROUVÉ,v1,
435243183,JEROME ESTRADE,33950,LEGE-CAP-FERRET,5010Z,https://www.estrade.fr,TROUVÉ,v1,
888866449,HORIZONS TCHANQUES (HORIZONS TCHANQUES),33510,ANDERNOS-LES-BAINS,5010Z,https://www.horizons-tchanques.com,TROUVÉ,v1,
818965113,STORM,33000,BORDEAUX,5010Z,https://www.storm.com,TROUVÉ,v1,
989460589,TERENCE VATSKIL ([ND]),[ND],SALLES,5010Z,,NON TROUVÉ,,
402811657,JEAN PAGA,40240,LUBBON,5010Z,,NON TROUVÉ,,
419378278,LE GRAND B,40390,SAINT-MARTIN-DE-SEIGNANX,5010Z,https://www.legrand.fr,TROUVÉ,v1,
478137573,EDOUARD DALBON,64990,LAHONCE,5010Z,,NON TROUVÉ,,
435376215,GREGORY COLOMB (EVASION VOILE),97200,FORT DE FRANCE,5010Z,https://evasion-voile.com/,TROUVÉ,v2,3.0
753175025,STEPHANE CONNOLE (OCEAN EXCURSION 64),40660,MOLIETS-ET-MAA,5010Z,,NON TROUVÉ,,
797423068,FX MARINE,40510,SEIGNOSSE,5010Z,https://www.fxmarine.com,TROUVÉ,v1,
939823233,EMILIE TROMPAT,40480,VIEUX-BOUCAU-LES-BAINS,5010Z,,NON TROUVÉ,,
511512832,SEBASTIEN LESIEUR,40600,BISCARROSSE,5010Z,,NON TROUVÉ,,
530868843,GARONNE EXCURSIONS (GARONNE EXCURSIONS),47180,COUTHURES-SUR-GARONNE,5010Z,https://www.valdegaronne-tourisme.com/,TROUVÉ,v1,
882312358,CLEMENT DUBAS,97460,SAINT-PAUL,5010Z,,NON TROUVÉ,,
424436558,CIE MARITIME SUD GASCOGNE,64700,HENDAYE,5010Z,https://www.gascogne.fr,TROUVÉ,v1,
793124686,EVAG EMOTIONS,31500,TOULOUSE,5010Z,https://www.evagemotions.com,TROUVÉ,v1,
812143659,PATRICE GUILLON (SPOT ENTREPRISES),64600,ANGLET,5010Z,,NON TROUVÉ,,
835367145,LA COMPAGNIE DU FORT (EXPLORE OCEAN),64122,URRUGNE,5010Z,https://www.lesdunesdeflandre.fr/,TROUVÉ,v2,2.5
881959050,SAS BADIATIK,64500,SAINT-JEAN-DE-LUZ,5010Z,https://www.badiatik.com,TROUVÉ,v1,
980763684,POLE-AIR EXPEDITIONS,64160,OUILLON,5010Z,https://www.pole-air-expeditions.com,TROUVÉ,v1,
449986041,CHRISTEL PERON (LARDEUX) (ARCHIPEL PRO),29120,PONT-L'ABBE,5010Z,,NON TROUVÉ,,
438874307,SAMATHEO (SAMATHEO),64990,LAHONCE,5010Z,,NON TROUVÉ,,
452966633,MEMPHIS-JET (JET ACADEMIE),64700,HENDAYE,5010Z,https://www.memphistravel.com/,TROUVÉ,v1,
909568388,JETBOAT64,64600,ANGLET,5010Z,,NON TROUVÉ,,
801175118,THIERRY THORAVAL,64250,CAMBO-LES-BAINS,5010Z,,NON TROUVÉ,,
920558236,PHILIPPE HOEBEKE,64210,ARBONNE,5010Z,,NON TROUVÉ,,
493113203,ARNAUD DE LA FORGE (ENTREPRISE CAP LAGON),97111,MORNE-A-L'EAU,5010Z,https://www.forge.com,TROUVÉ,v1,
752063610,FRANCOIS FONTAINHAS (L'HENDAYAIS II),64700,HENDAYE,5010Z,,NON TROUVÉ,,
914083043,BAIONA MARINE (BAIONA MARINE),64340,BOUCAU,5010Z,https://www.baiona-marine.fr,TROUVÉ,v1,
304516420,DRAGAGE TRANSPORTS ET TRAVAUX MARITIMES (DTM),17000,LA ROCHELLE,5020Z,https://www.dragages-ports.fr/,TROUVÉ,v2,3.5
535013528,TRANSPORT COHERENCE,97300,CAYENNE,5020Z,,NON TROUVÉ,,
437880198,MER ET TERROIR,06600,ANTIBES,5020Z,https://www.terroir.fr,TROUVÉ,v1,
562024422,CMA CGM,13002,MARSEILLE,5020Z,https://www.cma-cgm.fr,TROUVÉ,v1,
390549822,MSC - MEDITERRANEAN SHIPPING COMPANY FRANCE,92800,PUTEAUX,5020Z,,NON TROUVÉ,,
812161032,BRUNO CAILLARD,94100,SAINT-MAUR-DES-FOSSES,5020Z,,NON TROUVÉ,,
420454399,COMPAGNIE MARITIME NANTAISE - M.N (MN),44000,NANTES,5020Z,https://www.compagnie-maritime-nantaise.com/,TROUVÉ,v1,
947456430,SAIL FOR GOODS (SFG),33000,BORDEAUX,5020Z,https://www.windforgoods.fr/,TROUVÉ,v2,2.5
840204747,SAS CASE EAUX,33480,SAINTE-HELENE,5020Z,,NON TROUVÉ,,
909276834,ANGELTRADE,33000,BORDEAUX,5020Z,https://www.angeltrade.fr,TROUVÉ,v1,
898450598,BLUEFIN TUNA PECHE SPORTIVE,33950,LEGE-CAP-FERRET,5020Z,,NON TROUVÉ,,
928011931,ECOMAR ALPHA,33000,BORDEAUX,5020Z,https://www.alpha.com,TROUVÉ,v1,
928020478,ECOMAR CHARLIE,33000,BORDEAUX,5020Z,,NON TROUVÉ,,
978412898,ECOMAR SHIPHOLDING,33000,BORDEAUX,5020Z,,NON TROUVÉ,,
951159201,QUINCONCES SHIPPING,33000,BORDEAUX,5020Z,,NON TROUVÉ,,
981618598,ASPHALTANK 146,33000,BORDEAUX,5020Z,,NON TROUVÉ,,
981668817,ASPHALTANK 144,33000,BORDEAUX,5020Z,,NON TROUVÉ,,
981603749,SOCAMAR,33000,BORDEAUX,5020Z,https://socamar.ma/,TROUVÉ,v1,
310288162,SOCIETE D'ARMEMENT ET DE TRANSPORT (SOCATRA),33000,BORDEAUX,5020Z,https://socatra.com/,TROUVÉ,v2,4.5
407703610,LAURENT MALRIEUX,33950,LEGE-CAP-FERRET,5020Z,https://www.malrieux.com,TROUVÉ,v1,
467201596,SEA TANKERS SHIPPING,78000,VERSAILLES,5020Z,,NON TROUVÉ,,
308276591,MAERSK TANKERS FRANCE SAS,92100,BOULOGNE-BILLANCOURT,5020Z,,NON TROUVÉ,,
898558739,MELISSA DUMOULIN-VUONG (VUONG),33470,GUJAN-MESTRAS,5020Z,,NON TROUVÉ,,
909450157,SOCATRA PACIFIQUE,33000,BORDEAUX,5020Z,https://socatra.com/,TROUVÉ,v2,4.5
919749614,SOCATRA OCEANIE (SOCATRA OCEANIE),33000,BORDEAUX,5020Z,https://socatra.com/,TROUVÉ,v2,4.5
849594429,SOCATRA MED SHIPPING (SOCATRA MED SHIPPING) (SOCATRA MS),33000,BORDEAUX,5020Z,https://socatra.com/,TROUVÉ,v2,4.5
929614089,PAPA SENE DIOUF (SDT),33000,BORDEAUX,5020Z,,NON TROUVÉ,,
931862734,TOURNY SHIPPING,33000,BORDEAUX,5020Z,,NON TROUVÉ,,
928006592,ECOMAR BRAVO,33000,BORDEAUX,5020Z,,NON TROUVÉ,,
928074566,ECOMAR DELTA,33000,BORDEAUX,5020Z,https://www.ecomarpropulsion.com/,TROUVÉ,v2,3.0
951159037,KIARSENI SHIPPING,33000,BORDEAUX,5020Z,,NON TROUVÉ,,
393416565,COMPAGNIE DES LONG LINERS,33000,BORDEAUX,5020Z,,NON TROUVÉ,,
508679859,SOCATRA REUNION,33000,BORDEAUX,5020Z,https://www.reunion.com,TROUVÉ,v1,
843752072,NEOCONSOL (MAC-NELS),33520,BRUGES,5020Z,,NON TROUVÉ,,
411669922,D'ORBIGNY SHIP MANAGEMENT (DSM),33000,BORDEAUX,5020Z,,NON TROUVÉ,,
794813527,SIMON GUILLAUD,33260,LA TESTE-DE-BUCH,5020Z,,NON TROUVÉ,,
885252585,GREGOIRE POTOT,22490,PLESLIN-TRIGAVOU,5020Z,,NON TROUVÉ,,
404530925,COURMAR,76000,ROUEN,5222Z,,NON TROUVÉ,,
319116661,SEA INVEST SHIPPING AGENCY (FRANCOIS BOYER DE LA GIRODAY - MUSO),76530,GRAND-COURONNE,5222Z,https://www.sea-invest-sa.com/,TROUVÉ,v2,4.5
342435682,WORMS SERVICES MARITIMES,13002,MARSEILLE,5222Z,https://en.worms-sm.com/,TROUVÉ,v2,4.5
452697725,LES COURTIERS ASSOCIES (LCA),76600,LE HAVRE,5222Z,https://www.lescourtiersassocies.fr,TROUVÉ,v1,
500798780,DOCKS MARITIMES CONSIGNATION,33310,LORMONT,5222Z,https://www.docks-maritimes.com,TROUVÉ,v1,
829553080,MARITIME MLB (SEVENSTAR YACHT TRANSPORT FRANCE),56100,LORIENT,5222Z,,NON TROUVÉ,,
394785331,ASSOC MARIN'ESCALE SEAMENS'CLUB,17000,LA ROCHELLE,5222Z,http://www.seamensclub-larochelle.com/,TROUVÉ,gmaps,0.8
418195806,VINCENT GIMENEZ,56360,LE PALAIS,5222Z,,NON TROUVÉ,,
484801998,PORT ADHOC SOUBISE,17780,SOUBISE,5222Z,,NON TROUVÉ,,
485389811,GRAND PORT MARITIME DE LA ROCHELLE (PORT ATLANTIQUE LA ROCHELLE / PALR),17000,LA ROCHELLE,5222Z,,NON TROUVÉ,,
833348253,UNION DES ASSOCIATIONS DE NAVIGATEURS DE CHARENTE MARITIME,17000,LA ROCHELLE,5222Z,,NON TROUVÉ,,
750507766,MY BOAT SERVICES,17000,LA ROCHELLE,5222Z,,NON TROUVÉ,,
681780318,LAMANAGE ET SERVICES MARITIMES DES PORTS DE LA ROCHELLE - CHARENTE,17000,LA ROCHELLE,5222Z,,NON TROUVÉ,,
538761131,"G,A,Y,",17420,SAINT-PALAIS-SUR-MER,5222Z,,NON TROUVÉ,,
490179140,PARTONS LA MER EST BELLE,17000,LA ROCHELLE,5222Z,,NON TROUVÉ,,
781333364,SYNDICAT PROFESSIONNEL DES PILOTES MARITIMES,17000,LA ROCHELLE,5222Z,https://lrpilots.com/,TROUVÉ,gmaps,0.8
999678006,WAYFINDER SAILING ADVENTURES,17740,SAINTE-MARIE-DE-RE,5222Z,,NON TROUVÉ,,
478164171,BISCAY SERVICES MARITIMES,17000,LA ROCHELLE,5222Z,,NON TROUVÉ,,
347987901,BOLUDA LA ROCHELLE,17000,LA ROCHELLE,5222Z,,NON TROUVÉ,,
414474031,ALAIN GIRARD,17630,LA FLOTTE,5222Z,,NON TROUVÉ,,
500684287,AGENCE MARITIME THOMAS,17000,LA ROCHELLE,5222Z,,NON TROUVÉ,,
977906395,LONGINAUTE,17290,FORGES,5222Z,,NON TROUVÉ,,
992354480,POP MARINE,17740,SAINTE-MARIE-DE-RE,5222Z,,NON TROUVÉ,,
440848505,AUTRE MER SARL,17000,LA ROCHELLE,5222Z,,NON TROUVÉ,,
912148111,ANDREW ABBOTT (ETANG ROMPU PB),23300,LA SOUTERRAINE,5222Z,,NON TROUVÉ,,
841651995,TAXI-PILOTE SOCIETE EN LIQUIDATION (TAXI-PILOTE) (TP),24130,GINESTET,5222Z,,NON TROUVÉ,,
753065754,MARINOV,92800,PUTEAUX,5222Z,,NON TROUVÉ,,
904629078,BALIER SHIPPING,64220,AINCILLE,5222Z,,NON TROUVÉ,,
428758882,PORT MEDOC,75001,PARIS,5222Z,,NON TROUVÉ,,
534312434,ATLANTIC NAVY MARINE,33260,LA TESTE-DE-BUCH,5222Z,http://anm-arcachon.fr/,TROUVÉ,gmaps,0.8
775582927,PILOTAGE DE LA GIRONDE,33530,BASSENS,5222Z,https://www.pilotagegironde.com/,TROUVÉ,gmaps,0.8
441277761,CIE REMORQUAGE MARITIME BORDEAUX BASSENS,76000,ROUEN,5222Z,https://www.tsmgroup.eu/,TROUVÉ,gmaps,0.8
843089319,BORDEAUX OPERATIONS PORTUAIRES - BOP,33300,BORDEAUX,5222Z,http://www.bordeaux-port.fr/,TROUVÉ,gmaps,0.8
808415632,LAMANAGE PAUILLAC,33310,LORMONT,5222Z,,NON TROUVÉ,,
934191750,ARCACHON NAUTISME SOLUTION (ANS),33260,LA TESTE-DE-BUCH,5222Z,,NON TROUVÉ,,
984763458,RUDY FEDOR (R10 SERVICE),33240,SAINT-ANDRE-DE-CUBZAC,5222Z,,NON TROUVÉ,,
323944736,ST MANAGEMENT (SAAM),33700,MERIGNAC,5222Z,,NON TROUVÉ,,
401750898,MARCELO SORIANO (SORIANO-GRANDES),33120,ARCACHON,5222Z,,NON TROUVÉ,,
461200834,SOCIETE DE LAMANAGE DU PORT DE BORDEAUX ENTREPRISE MARITIME,33310,LORMONT,5222Z,,NON TROUVÉ,,
885185280,NICOLAS GEORGIN (NGBOAT),33950,LEGE-CAP-FERRET,5222Z,,NON TROUVÉ,,
891197071,ASSOCIATION DES USAGERS DU PORT DE BLAYE,33390,BLAYE,5222Z,,NON TROUVÉ,,
844554998,LAND TO SEA,33710,BOURG,5222Z,,NON TROUVÉ,,
781804141,GRAND PORT MARITIME DE BORDEAUX,33300,BORDEAUX,5222Z,https://www.bordeaux-port.fr/,TROUVÉ,gmaps,0.8
592713309,ANDRE LABAT,64100,BAYONNE,5222Z,,NON TROUVÉ,,
337497465,MICHEL MOREAUD,40550,LEON,5222Z,,NON TROUVÉ,,
438403933,OLIVIER PAPON (KARIBU AGENCE MARITIME),40160,PARENTIS-EN-BORN,5222Z,,NON TROUVÉ,,
489082859,GEOCIAM,40390,SAINT-MARTIN-DE-SEIGNANX,5222Z,,NON TROUVÉ,,
951234079,KEROS,47800,MIRAMONT-DE-GUYENNE,5222Z,,NON TROUVÉ,,
921329926,SPL D EXPLOITATION DU PORT DEPARTEMENTAL DE SAINT-JEAN-DE-LUZ-CIBOURE,64500,CIBOURE,5222Z,,NON TROUVÉ,,
423611334,INTERMODAL ATLANTICA LINE LIMITED (IAL),,,5222Z,,NON TROUVÉ,,
428919419,VARADERO TXINGUDI,,,5222Z,,NON TROUVÉ,,
532533031,BISCAY - BAY SHIPPING AGENCY (BISCAY - BAY SHIPPING AGENCY),64340,BOUCAU,5222Z,https://www.biscaybay-shipping-agency.com/,TROUVÉ,gmaps,0.8
712720085,SOC COOP MARIT LAMANEURS PORT DE BAYONNE,64340,BOUCAU,5222Z,,NON TROUVÉ,,
920349149,A-VAL ADMINISTRATION,64122,URRUGNE,5222Z,,NON TROUVÉ,,
929819761,SOCIETE PORTUAIRE PORT DE BAYONNE (SOCIETE PORTUAIRE PORT DE BAYONNE),64100,BAYONNE,5222Z,,NON TROUVÉ,,
329821078,CLAUDE PARROT (SKIPPER LE DAUPHIN),64700,HENDAYE,5222Z,,NON TROUVÉ,,
300087020,JIMMY VELGHE,95290,L'ISLE-ADAM,5222Z,,NON TROUVÉ,,
395036239,MONIQUE MAURY LARIBIERE,16500,CONFOLENS,7734Z,,NON TROUVÉ,,
417950284,ROBERT HEMONO,17120,CHENAC-SAINT-SEURIN-D UZET,7734Z,,NON TROUVÉ,,
494990930,SARL MARINE,17310,SAINT PIERRE D'OLERON,7734Z,,NON TROUVÉ,,
845236942,B&B YACHT,17000,LA ROCHELLE,7734Z,,NON TROUVÉ,,
379708001,PIERRE LEPIFRE,45160,OLIVET,7734Z,,NON TROUVÉ,,
790549950,LES CANOTIERS,17350,PORT-D'ENVAUX,7734Z,,NON TROUVÉ,,
485243984,COMPAGNIE DE LOCATION MARITIME,20253,PATRIMONIO,7734Z,,NON TROUVÉ,,
947901336,"SEA, SUN, SAIL",17220,SAINT-ROGATIEN,7734Z,,NON TROUVÉ,,
892963570,IDELOCAT,17590,SAINT-CLEMENT-DES-BALEINES,7734Z,,NON TROUVÉ,,
414364042,JEAN-PAUL CAPRON,44300,NANTES,7734Z,,NON TROUVÉ,,
449000330,FRANCOISE BOURDERAU (CHAUVEAU),17000,LA ROCHELLE,7734Z,,NON TROUVÉ,,
481555191,JET ALIZE,17570,LES MATHES,7734Z,,NON TROUVÉ,,
451423560,COPROPRIETE ROGER CHEVALIER,17940,RIVEDOUX-PLAGE,7734Z,,NON TROUVÉ,,
501446421,D'ILES EN ILES,17670,LA COUARDE-SUR-MER,7734Z,,NON TROUVÉ,,
942367996,ADRIEN DELPEYRAT,17200,ROYAN,7734Z,,NON TROUVÉ,,
438125114,IRIS ARMEMENT,17000,LA ROCHELLE,7734Z,,NON TROUVÉ,,
433340304,SNC O'HANA PITI,17000,LA ROCHELLE,7734Z,,NON TROUVÉ,,
495324691,COURANT D'AIR,17137,NIEUL-SUR-MER,7734Z,,NON TROUVÉ,,
449321892,AJ LOISIRS,17000,LA ROCHELLE,7734Z,,NON TROUVÉ,,
524864725,ESCALES PORT A SEC MESCHERS,17132,MESCHERS-SUR-GIRONDE,7734Z,,NON TROUVÉ,,
347543043,NICOLE CASERO (JUILLARD),97290,LE MARIN,7734Z,,NON TROUVÉ,,
844570432,SEA PEARL,19460,NAVES,7734Z,,NON TROUVÉ,,
811668813,ABAM,24610,SAINT-MEARD-DE-GURCON,7734Z,,NON TROUVÉ,,
333419042,ALBERT CHOURAQUI,92100,BOULOGNE-BILLANCOURT,7734Z,,NON TROUVÉ,,
887506046,DESAIZE LOCATION (DESAIZE LOCATION),33000,BORDEAUX,7734Z,,NON TROUVÉ,,
852156199,A L'EAU NAUTIQUE CFNPA (A L'EAU NAUTIQUE),33980,AUDENGE,7734Z,,NON TROUVÉ,,
391753522,CHRISTIAN BARRIERE,32000,AUCH,7734Z,,NON TROUVÉ,,
403636335,SEA MAR,33000,BORDEAUX,7734Z,,NON TROUVÉ,,
501951883,SEAGER,33370,YVRAC,7734Z,,NON TROUVÉ,,
952564284,ARMONEE YACHT CLUB (AYC),33260,LA TESTE-DE-BUCH,7734Z,,NON TROUVÉ,,
995387016,B2C NAV,33440,ST LOUIS DE MONTFERRAND,7734Z,,NON TROUVÉ,,
998923056,BLUE ESCAPE,33100,BORDEAUX,7734Z,,NON TROUVÉ,,
999037385,BYC,33650,MARTILLAC,7734Z,,NON TROUVÉ,,
432250686,BLEU MARINE I.E.,33510,ANDERNOS-LES-BAINS,7734Z,,NON TROUVÉ,,
897585840,A LA SURFACE,33260,LA TESTE-DE-BUCH,7734Z,,NON TROUVÉ,,
911148328,ARGUIN MARINE (ARGUIN MARINE),33120,ARCACHON,7734Z,,NON TROUVÉ,,
934012469,TRINIDAD,33150,CENON,7734Z,,NON TROUVÉ,,
924829591,SAS LES PINS MARITIMES,33260,LA TESTE-DE-BUCH,7734Z,,NON TROUVÉ,,
995313855,MAC COMPANY,33138,LANTON,7734Z,,NON TROUVÉ,,
522962513,CRISTAL,33470,GUJAN-MESTRAS,7734Z,,NON TROUVÉ,,
397651530,PIERRE CASTAING,40500,SAINT-SEVER,7734Z,,NON TROUVÉ,,
397651589,ANTOINETTE DANE (GARBAY),40280,SAINT-PIERRE-DU-MONT,7734Z,,NON TROUVÉ,,
527806277,PDM LOCATION,52330,VAUDREMONT,7734Z,,NON TROUVÉ,,
397651464,JACQUES LABARTHE,40000,MONT-DE-MARSAN,7734Z,,NON TROUVÉ,,
882433550,BENOIT FARGE (PROJETBASQUE),64310,ASCAIN,7734Z,,NON TROUVÉ,,
830379657,HCC-BT,64121,SERRES-CASTET,7734Z,,NON TROUVÉ,,
482343183,A.T.C.S. ARMEMENT THONIER CANNEUR,64500,CIBOURE,7734Z,,NON TROUVÉ,,
381258193,JEAN COGNET,79200,PARTHENAY,7734Z,,NON TROUVÉ,,
494595416,SARL ADAM PECHE LAVAGE STOCKAGE,79000,NIORT,7734Z,,NON TROUVÉ,,
494271216,L.B.NAUTIQUE,86340,ROCHES-PREMARIE-ANDILLE,7734Z,,NON TROUVÉ,,
303272447,LOUIS DURANT,75016,PARIS,7734Z,,NON TROUVÉ,,
