siren,denominationUniteLegale,activitePrincipaleUniteLegale,codePostalEtablissement,libelleCommuneEtablissement,site_web_v1,http_status,antibot,down_erreur,secteur_ok,snippet
919918045,WILLIAM FAURE-LHOMME,3012Z,16100,CHATEAUBERNARD,https://help.williamhill.it/,403_ANTIBOT,True,False,False,(anti-bot)
404875452,EXEL YACHTING,3012Z,17000,LA ROCHELLE,http://www.exel-yachting.com/,200,False,False,True,"www.exel-yachting.com | Original location:
        https://www.cnl46.com"
307309898,FOUNTAINE PAJOT (FOUNTAINE PAJOT MOTOR YACHTS),3012Z,17290,AIGREFEUILLE D'AUNIS,https://www.fountaine-pajot.com,200,False,False,True,"Fountaine Pajot | Catamarans à voile de luxe et Motors Yachts | Naviguer vers la neutralité carbone | Fountaine Pajot
			

		 
        
	fr
	en
	es



					document.getElementById( ""lang_choice_2"" ).addEventListener( ""change"", function ( event ) { location.href = event.currentTarget.value; } )
				

	"
514815844,NEEL TRIMARANS,3012Z,17000,LA ROCHELLE,https://www.neel-trimarans.com,200,False,False,True,"NEEL-TRIMARANS | NEEL-TRIMARANS | NEEL-TRIMARANS | 4 rue Virginie Hériot &#8211; Plateau nautique 17000 La Rochelle Cedex &#8211; France
Tel. : +33 546 290 871
Private area"
502300213,C3 TECHNOLOGIES,3012Z,17180,PERIGNY,https://www.c3technologies.fr,200,False,False,True,"C3 Technologies - Entreprise matériaux et pièces composites | C³ Technologies, la performance composite | +33(0)5 46 30 54 58
										contact@c3technologies.fr"
449811769,CHANTIER CATANA,3012Z,66140,CANET-EN-ROUSSILLON,https://www.catana.com,200,False,False,True,"Découvrez l&#039;univers CATANA Catamarans | Menu
        Fermer
    

                    
            Nous contacter
        
    


    

        

            
                                    
                                            "
844907188,WRIGHTON SAS (WRIGHTON),3012Z,17000,LA ROCHELLE,https://www.wrighton.com,200,False,False,False,Site is undergoing maintenance | wrighton.com | Please check back again later when he's finished playing.
950596429,DUFOUR YACHTS,3012Z,17180,PERIGNY,https://www.dufour-yachts.com,403_ANTIBOT,True,False,False,(anti-bot)
379018062,SAVIBOAT,3012Z,17350,SAINT-SAVINIEN,https://www.saviboat.fr,200,False,False,True,"Saviboat fabricant de bateaux électriques port miniature loisirs tourisme | Saviboat | Fabricant de bateaux électriques depuis 1990 Saviboat, des solutions pour les centres de plaisance"
381560374,LATITUDE 46 SARL,3012Z,17940,RIVEDOUX-PLAGE,https://www.latitude46.com,200,False,False,False,"Bred
Differently. Two farms.
One purpose. - Latitude46 | Bred
differently. | Two farms.
One purpose.

                        Roy Farms and Green Acre Farms are proud to announce their rebranding collaboration to introduce Latitude 46® – A Pacific Northwest Hop Breeding Co., f"
509811717,JMS-ONLINE,3012Z,,,https://www.online.fr,200,False,False,True,"Serveurs dédiés : dès 4,99€ HT/mois | Scaleway | Scaleway Dedibox : serveurs dédiés | OuvrirBullhornOutlineIconFocus du jour ! Réserver un domaine devient plus simple. Essayez maintenant !BlogDocsContactEnglishenFrançaisfrLog inProfileIconSign upWestIconServeurs dédiés ArrowRightIconDe"
815131842,PINBALL BOAT,3012Z,17480,LE CHATEAU D'OLERON,https://www.pinball-boat.com,200,False,False,True,"Pinball Boat | Pinball Boat vous propose un bateau de plaisance à la fois agile, convivial et innovant avec sa propulsion E-hybrid. Construit autour de valeurs fondamentales comme le respect de l&#x27;environnement,"
326379633,OCQUETEAU SA,3012Z,17480,LE CHATEAU D'OLERON,https://www.ocqueteau.com,200,False,False,True,"Bateaux à moteur OCQUETEAU - plaisance,  pêche, sports nautiques et promenade, hors-bord et inboard | Le&nbsp;chantier Ocqueteau&nbsp;est un acteur reconnu du&nbsp;bateau &agrave; moteur&nbsp;et r&eacute;put&eacute; pour l | Plan du site - Site r&eacute;alis&eacute; par&nbsp;&nbsp;D&eacute;veloppement web, La Rochelle&nbsp;"
520652553,REMI HENRIOT,3012Z,17230,MARANS,https://www.henriot.fr,200,False,False,True,"Accueil - Henriot, transitaire en transport et dédouanement | Transitaire en Douane
Transport
Commission en Transport"
503983637,PREPA NAUTIC,3012Z,17000,LA ROCHELLE,https://www.prepa-nautic.com,200,False,False,True,"Préparation de bateaux à la Rochelle, entretien et réparation -Prépa Nautic | ACTIVITÉS PRINCIPALES | 05 46 28 70 06 &#8211; contact@prepa-nautic.com"
792007387,LOUIS BOYER (BOYER LOUIS),3012Z,17000,LA ROCHELLE,https://louisboyer.com,200,False,False,False,
813808565,URSAE MINORIS,3012Z,17940,RIVEDOUX-PLAGE,https://www.ursaeminoris.fr,200,False,False,False,"Bravo ! Votre domaine ursaeminoris.fr a bien Ã©tÃ© crÃ©Ã© avec LWS ! | Il est enregistrÃ© par LWS, votre registrar et hÃ©bergeur web de confiance."
418425047,ATELIER DU TECK,3012Z,17700,SURGERES,https://www.atelier-du-teck.fr,200,False,False,True,"Atelier du Teck, fabrication et habillage de ponts de bateaux et autres aménagements en teck à Surgères en Charente Mari | Issue d’une passion d’entre terre et mer, le bois et les bateaux, l’Atelier du Teck vous dévoile son savoir-faire
       | Notre cœur de métier est la réalisation d’habillages de pont de bateaux composés de panneaux lattés en teck ou synthétiques, réalisées en totalité en atel"
487820730,BABEL,3012Z,17690,ANGOULINS,https://www.babel.com,200,False,False,False,"Babel, le spécialiste des rencontres gratuites | Les rencontres 
                            sans frontières | Toute l'actualité de Babel, ses infos exclusives à
                            retrouver sur les réseaux sociaux"
448454694,MARINE SELLERIE (MS),3012Z,17440,AYTRE,https://www.marinesellerie.com,200,False,False,True,"Sellerie Marine - Marine Sellerie | Nos produits sont confectionnés dans notre atelier à Aytré (17440) près de La Rochelle | Recherche de produits			

			
			

			

											
					
				
				
			
			
			

			
					
	


						
				
				
				
							
							
					
						
									
					
									
															
						
					"
830434809,RM YACHTS,3012Z,17180,PERIGNY,https://www.rm-yachts.com,200,False,False,True,RM Yachts | Constructeur de voiliers de croisière en bois | RM Yachts : constructeur français de voiliers de croisière monocoques en bois | Bienvenue chez RM Yachts&nbsp;!
899979793,ATLANTIC BOAT YARD,3012Z,17000,LA ROCHELLE,https://www.atlantic-boat-yard.com,200,False,False,True,"Welcome to atlantic-boatyard.com | Welcome to atlantic-boatyard.com | This site is currently under construction.Don't hesitate, visit it very soon!"
499632941,NOUVELLE VAGUE,3012Z,13001,MARSEILLE,https://www.nouvellevague.fr,200,False,False,False,Nouvelle Vague - Agence de communication globale - Paris / Nantes
534122742,MATTHIEU ROY,3012Z,17690,ANGOULINS,https://www.matthieu-roy.com,200,False,False,True,Matthieu Roy compositeur | MATTHIEU ROY
539990820,VA A MAX,3012Z,17640,VAUX-SUR-MER,https://www.va-max.com,403_ANTIBOT,True,False,False,(anti-bot)
794989368,AFEP MARINE EVOLUTION,3012Z,17000,LA ROCHELLE,https://www.afep-marine.com,200,False,False,True,Accueil - Afep Marine | AFEP MARINE Evolution | avant la mise Ã  lâeau du RÃªvolution 29 !
327308771,MAINS DE MARINS,3012Z,17480,LE CHATEAU-D'OLERON,https://www.terredemarins.fr/,403_ANTIBOT,True,False,False,(anti-bot)
404350969,ROCHELAISE DE MATS (RDM),3012Z,50550,SAINT-VAAST-LA-HOUGUE,https://www.mats.com,403_ANTIBOT,True,False,False,(anti-bot)
482653359,CONSTRUCT NAVALES PHILIPPE TOURNIER,3012Z,33620,CEZAC,https://www.construct.net/,200,False,False,False,"Game Making Software - Construct 3 | Make Games with
                    Construct 3 | Over 250,000 users monthly create games in Construct 3.  Cutting-edge technology that runs right inside your browser like magic."
498325240,FUSION FRANCE,3012Z,17220,SAINT-MEDARD-D'AUNIS,https://www.fusion-france.com,200,False,False,False,Fusion Markets | Courtier Forex Ã  Faibles CoÃ»ts â Spreads Ultra SerrÃ©s & FiabilitÃ© | Fusion Markets offre des spreads ultra serrÃ©s et une plateforme ECN rapide pour trader le forex et les CFD.
522679091,ROVER YACHTS (R-Y),3012Z,17220,CROIX-CHAPEAU,https://www.roveryachts.com,200,False,False,True,"Rover Yachts - Stoer, no-nonsense, slim &amp; vrij dat is een Rover Yacht | &#8211; Rover Yachts
Stoer, no-nonsense, slim &amp; vrij | Please accept cookies to access this content"",""tag"":"""",""status"":true,""attributes"":[]},{""key"":""cky_enable_optout_label"",""content"":""Enable"",""tag"":"""",""status"":true,""attributes"":[]},{""key"":""cky_disable_op"
493192470,ALP MARINE,3012Z,17230,MARANS,https://www.marine.fr,200,False,False,True,Guide d'information sur le pr&eacute;nom Marine | Marine.fr | Annuaire des c&eacute;l&eacute;brit&eacute;s Marine
489590851,TAG YACHTING,3012Z,17590,ARS-EN-RE,https://www.tagyachting.com,200,False,False,True,"TAG Yachting - Experienced. Professional. Personal. | Experienced.
Professional. Personal. | TAG Yachting is a modern Yacht Brokerage firm with traditional values representing the interests of both Buyers and Sellers across the globe."
502830243,BLUE CRABBER SARL,3012Z,24100,BERGERAC,https://www.crabber.com,TIMEOUT,False,True,False,
432678894,DUBOURDIEU 1800,3012Z,33470,GUJAN-MESTRAS,https://www.dubourdieu1800.com,200,False,False,True,"Chantier Naval - Dubourdieu - Gujan Mestras | Home | Le bateau, c’est la liberté. La mer, c’est la contemplation."
518336623,SEALVER,3012Z,40460,SANGUINET,https://www.sealver.com,200,False,False,True,"SEALVER Waveboat jet ski boat propelled | Le WaveBoat SEALVER | +33558784500
									
								
											

												
													
										contact@sealver.com
											
									
								
											
													
										Lun - Ven: 9:00 - 17:00
							"
340330265,NAUTI BOY,3012Z,33950,LEGE-CAP-FERRET,https://www.nautiboy.com,403_ANTIBOT,True,False,False,(anti-bot)
529926461,BO YACHTING,3012Z,33120,ARCACHON,https://www.boyachting.fr,200,False,False,True,"Bô yachting | voilier chantier naval arcachon | AccueilNotre entrepriseLa GammeTi&#x27;BacBÔ 28+BothamContactB&ocirc; Yachting traduit toute l&rsquo;exp&eacute;rience des ma&icirc;tres d&rsquo;&oelig;uvre Bonnin et Bossuet, deux chantiers arcachonn"
812206340,Z NAUTIC,3012Z,33470,GUJAN-MESTRAS,https://www.nautic.com,200,False,False,True,"Home - Nautic | As a middle market private equity firm, we focus on three specialties while supporting the long-term value creation of our portfolio companies."
943006130,PIKE BOARD (PIKE BOARD),3012Z,33270,BOULIAC,https://www.pikeboard.fr,200,False,False,True,"PIKE BOARD | Kayaks gonflables à pédales pour la pêche en mer, lacs et rivière"
892273319,BY PAINT SERVICE,3012Z,33440,SAINT VINCENT DE PAUL,https://www.getpaint.net/,200,False,False,False,"Paint.NET - Free Software for Digital Photo Editing | &nbsp;
				
					Windows is a registered trademark of Microsoft Corporation 
				in the United States and other countries.
				Adobe and
					Photoshop are either registered trademarks or tradema"
939823159,OUTDOOR SPORTS DIGITAL,3012Z,33127,MARTIGNAS-SUR-JALLE,https://www.outdoorsports.com,200,False,False,True,"Outdoor Sports Center | OutdoorSports.com | OutdoorSports.com 
                  OutdoorSports.com | :root {
      --color-body-text: #4b392e;
      --color-body: #ffffff;
      --color-bg: #ffffff;
    }
  

  

 
  
 
 - 
 
 | 
 / 
 Save up to 
% Save 
% Save up to 
 Save 
 Sale Sold out In stock 
"
521532382,ECLA,3012Z,33120,ARCACHON,https://www.ecla.com,200,False,False,False,"Ecla | Les plus grandes résidences dédiées au coliving | House of                    

                                            
                                              | Nos Maisons 


                    
                    
                        
                            
                                                                                         "
335184461,B2 MARINE,3012Z,33360,LATRESNE,https://www.b2marine.fr,200,False,False,True,"B2 Marine LATRESNE Gironde, constructeur de bateaux français | Accueil
									
	
																																																			
																														Bateaux à moteur
					
																																								
								Open
							
													"
422886465,ATLANTIC CONCEPT,3012Z,33950,LEGE-CAP-FERRET,https://www.atlantic-concept.fr,200,False,False,True,"ATLANTIC CONCEPT | NOUS VOUS EMM&Egrave;NERONS L&Agrave; O&Ugrave; VOUS R&Ecirc;VEZ D'ALLER 
 
 
 
 
     BATEAUX NEUFS 
 
   BATEAUX D'OCCASION 
 
 
 
     LOCATION DE BATEAUX 
 
 
 
      
  Bienvenue sur le site d'At"
389827775,LACAZE,3012Z,33510,ANDERNOS-LES-BAINS,https://www.lacaze.fr,200,False,False,True,"lacaze.fr - La Messagerie lacaze | Ce site Internet utilise des cookies pour notamment am&eacute;liorer l'exp&eacute;rience de navigation.
En acceptant, vous nous autorisez conform&eacute;ment &agrave; notre politique de confidentiali"
879403780,HOUSE BOAT . 0,3012Z,73290,LA MOTTE-SERVOLEX,https://www.houseboat.fr,200,False,False,True,Houseboat.fr
493333264,JEAN BAPTISTE BOSSUET,3012Z,33260,LA TESTE-DE-BUCH,https://www.jeanbaptiste.com,403_ANTIBOT,True,False,False,(anti-bot)
534380092,STEPHANE AUBERT,3012Z,33470,LE TEICH,https://www.stephaneaubert.com,200,False,False,False,"ACCUEIL | stephaneaubert | Stéphane Aubert | Situés au 22 rue de la poterie à Bayeux dans le centre historique, le showroom et l'atelier sont un lieu unique et sans barrière. Ils ont été conçus comme un espace d’échange autour de vos projets pou"
421800897,STRATO COMPO,3012Z,33590,GRAYAN-ET-L'HOPITAL,https://www.stratocompo.com,200,False,False,True,"Chantier naval &amp; sp&eacute;cialiste mat&eacute;riaux composites - Gironde (33) | Strato Compo :  chantier naval, nautisme, spécialiste en matériaux composite en Gironde (33). | Un monde de passionn&eacute;s, un autre regard sur les mat&eacute;riaux composites."
799697396,COUACH SERVICES,3012Z,33470,GUJAN-MESTRAS,https://couach.com/,TIMEOUT,False,True,False,
811721174,AVE,3012Z,33330,SAINT-EMILION,https://www.ave.fr,200,False,False,True,"ave, ventes aux ench&#232;res publiques, expertises et inventaires de mat&#233;riel d&#39;occasion. | Veuillez trouver le calendrier de nos prochaines ventes aux ench&#232;res publiques..."
453173569,OSTREA MARINE,3012Z,75016,PARIS,https://www.ostreamarine.com,200,False,False,False,"Home | TINY OCEAN | Products | ');align-items:center;background-color:rgba(var(--bg,var(--color_11,color_11)),var(--alpha-bg,1));border:var(--brw,0) solid var(--wst-base-2-color,rgba(var(--brd,var(--color_15,color_15)),var(--alpha-"
469202485,COUACH,3012Z,33470,GUJAN-MESTRAS,https://www.couach.com,TIMEOUT,False,True,False,
489013797,CNG,3012Z,33470,GUJAN-MESTRAS,https://www.cng.fr,200,False,False,False,"Institut de biologie François Jacob - Centre National de Recherche en Génomique Humaine | Institut de biologie François Jacob | Pour accéder à toutes les fonctionnalités de ce site, vous devez activer JavaScript. Voici les instructions pour activer JavaScript dans votre navigateur Web."
820977817,VINCENT BANON,3012Z,40320,SAMADET,https://banon.com,TIMEOUT,False,True,False,
300685609,ROTOMOD (RTM),3012Z,47240,BON-ENCONTRE,https://www.rotomod.com,200,False,False,True,"ROTOMOD - rotomouleur français watersport kayak, luminaire et industriel | ROTOMOD, plus de 50 ans d’expertise 100% made in France !"
504276528,CNM,3012Z,,,https://www.cnm.fr,200,False,False,False,Le CNM : Centre national de la musique | Centre national de la musique | Types d&rsquo;&eacute;v&eacute;nements
394659718,GAEL MAURIN,3012Z,56350,BEGANNE,https://www.maurin.com,200,False,False,False,Encore un peu de patience...
538982372,UHAINAPO (UHAINAPO),3012Z,64210,BIDART,https://www.uhainapo.com,200,False,False,True,"UhainaPo Surfing Art- Wood Art- Hollow Culture- Rétro Surfing &#8211; Amoureux de grands espaces, de glisse et de beaux  | Bienvenue chez Uhainapo | Amoureux de grands espaces, de glisse et de beaux objets, bienvenue chez nous.
UhainaPo vous propose un retour aux sources de la glisse pour des sensations vraies.
L’innovation et le savoir-faire au s"
441133808,NAVAL GROUP,3011Z,75015,PARIS,https://www.naval-group.com,200,False,False,True,"Naval Group ⎮ Un groupe international | Naval Group conçoit, réalise, intègre, maintient en service, démantèle et déconstruit des sous-marins et des navires de surface."
340889476,OCEA,3011Z,85100,LES SABLES D'OLONNE,https://www.ocea.fr,200,False,False,True,"OCEA SHIPBUILDING AND INDUSTRIES | In the heart of the French Atlantic coast, OCEA has been innovating for 30 years, putting Man at the core of the design, developing comprehensive, competitive and sustainable solutions to meet each cu"
315279422,HDL,3011Z,44100,NANTES,https://www.hdl.fr,200,False,False,False,Nameshift.com  Open language menu  en   België  Nederlands (nld)
444865885,TANGO (TANGO),3011Z,64122,URRUGNE,https://www.tango.fr,200,False,False,False,Tango : aide Ã  domicile pour seniors | Nous crÃ©ons des momentsde partage entre gÃ©nÃ©rations
818372989,IMOS,3011Z,17000,LA ROCHELLE,https://www.imos.com,200,False,False,True,IMOS | Healthcare Costs | Detailed cost and productivity data is essential to managing and growing a successful healthcare organization. Then why do many organizations have no Decision Support and Cost Accounting systems to pr
410433304,ALTERNATIVES ENERGIES,3011Z,17000,LA ROCHELLE,https://www.alternativesenergies.fr,200,False,False,True,"Accueil | Alternatives Energies Bateaux électrique et hybride professionnels | Intégrateur de Systèmes
Energie Propulsion
Electrique
et Hybride | Alternatives Energies			Intégrateur Expert en Systèmes Propulsion-Énergie"
440674117,LES CHANTIERS DE LA CALE,3011Z,17410,SAINT-MARTIN-DE-RE,https://www.les-chantiers.com,200,False,False,True,"Les Chantiers | Your partner for excellence | The Future Of ShipyardConnecting maritime power, propelling the future of the oceans."
800994071,ALU NAUTIQUE CONCEPT (ALU NAUTIQUE CONCEPT),3011Z,85770,VIX,https://www.alu-nautique-concept.fr,200,False,False,True,"Alu Nautique Concept &#8211; Concepteur de barque en aluminium | ALU NAUTIQUE RIVER 4.20, est une barque solide et légère à fond plat idéale pour la navigation en rivière et plan d&#8217;eau.
Sa largeur et son faible tirant d&#8217;eau en font une barque stable aux"
400127411,IRIS,3011Z,17000,LA ROCHELLE,https://www.iris-france.org/,200,False,False,False,"IRIS - Institut de relations internationales et stratégiques | IRIS – Institut de Relations Internationales et Stratégiques | -->
	
		
	
	
		
	
	
		
	
	
		
	
	
		
	
	
		
	
	
		
	
	
		
	
	
		
	 -->
	
		
	
	
		
	
	
		
	
	
		
	
	
		
	 -->
	
		
	
	
		
	
	
		
	
	
		
	
	
		
	
	
		
	
	
		
	
	
		
	
	
		
	
	
		
	
	
		
	
	
		
	
	
		
	"
993662279,CHANTIER MARC MAIRE,3011Z,33950,LEGE-CAP-FERRET,https://chantiermarcmaire.com,200,False,False,True,"AccueilA proposServicesContactV700
							
						
					
				








Le bateau de vos rêves, fabriqué avec soin !



Dans notre chantier naval de Lège Cap Ferret, nous construisons des bateaux sur m"
482746609,MARINE EVASION 16,3315Z,16710,SAINT-YRIEIX-SUR-CHARENTE,https://www.marinetraffic.com/,403_ANTIBOT,True,False,False,(anti-bot)
525183893,GRAND LARGE SERVICES,3315Z,34280,LA GRANDE-MOTTE,https://www.grandlargeservices.com,200,False,False,True,Grand Large Services | Experts des voiliers Grand Large Yachting | Une Ã©quipe au service de votre projet de grande croisiÃ¨re | En exclusivitÃ© pour les marquesâ¨ du groupe Grand Large Yachting
313781650,SA CHANTIERS AMEL,3315Z,17180,PERIGNY,https://www.amel.fr,200,False,False,True,"Accueil - AMEL | AMEL

	Notre histoire
	Notre savoir-faire
	Nos valeurs &amp; engagements
	Carrières et emploi


NOS VOILIERS

	AMEL 50
	AMEL 60
	L’accompagnement AMEL


ACTUALITÉS

	Agenda
	AMEL Cup
	Newsletter


BOU"
497588079,ESCALE TECHNIQUE,3315Z,17840,LA BREE-LES-BAINS,https://www.escaletechnique.com,200,False,False,True,"Accueil - Escale Technique | ');

		$(et_pb_post_selector).each(function() {
			if ($('.dipi-post-wrap', this).length :not(.entry-featured-image-url)', this).wrapAll('');
			}
		});

		$(et_pb_post_image_selector).each(function()"
837635820,STAR BOATS (SARL STARBOATS),3315Z,17460,RIOUX,https://www.star-boats.fr,503_ANTIBOT,True,False,False,(anti-bot)
448149104,ESPACE NAUTIQUE,3315Z,17190,SAINT-GEORGES-D'OLERON,https://www.espace-nautique.fr,200,False,False,True,"Accueil - Espace Nautique | Espace Nautique | Nous vous proposons la location et la vente de bateaux de plaisance et de moteurs, neufs et d&rsquo;occasion, ainsi que des accessoires d&rsquo;accastillage."
430366450,NAUTIC ELEC - GULF STREAM (NAUTIC ELEC - GULF STREAM),3315Z,17000,LA ROCHELLE,https://www.nautic-elec.fr,200,False,False,False,"Nautic Elec &#8211; Management of your electronics and energy projects on board | WEBSITE UNDER CONSTRUCTION, WE&rsquo;LL BE BACK SOON! | -->
                -->
                -->

                
                                        
                        + 33 5 46 52 23 01
                    
                
            
   "
901219725,ATLANTIC MARINE CONCEPT,3315Z,17110,SAINT-GEORGES-DE-DIDONNE,https://www.concept.fr,403_ANTIBOT,True,False,False,(anti-bot)
902772680,ANTIOCHE MARINE SERVICES (AMS),3315Z,33400,TALENCE,https://www.antiochemarineservices.fr,200,False,False,True,"Réparation de bateaux à La Rochelle – Antioche Marine Services | Votre partenaire en M&eacute;canique Marine | 6 Rue Amp&egrave;re, 17139 Dompierre-sur-Mer, France"
404209744,BLONDEAU MARINE,3315Z,17590,ARS-EN-RE,https://www.blondeau-marine.fr,200,False,False,True,"Blondeau Marine - Ile de Ré - Vente de bateaux neufs et d'occasions, location et entretien | Découvrir&nbsp; | Depuis 1969, Blondeau Marine fournit professionnels et particuliers en bateaux neufs et d'occasions parfaitement adaptés à votre usage."
344455233,NAUTIC 17,3315Z,17480,LE CHATEAU-D'OLERON,https://www.nautic17.fr,200,False,False,True,"Nautic 17 -  Neufs / Occasions / Locations de bateaux au ChÃ¢teau d'OlÃ©ron | NAUTIC 17 - ÃLERON | {content}',k=a.document.createElement(""div""),l=[],m=b.filename||f,n=m.match(/([^\/]+(\?.*)?)$/)[1];k.id=i,k.className=""less-error-message"",h=""""+(b.type||""Syntax"")+""Error: ""+(b.message||""There is an er"
344528484,CHANTIER NAUTIQUE DU VIEUX PORT,3315Z,17000,LA ROCHELLE,https://www.chantiernautiqueduvieuxport.com,200,False,False,True,"Chantier naval à La Rochelle - Chantier Nautique du Vieux Port | Chantier naval à La Rochelle | Facebook
Instagram
LinkedIn
        

Nous recrutons
FR
EN
          











Le Chantier
Notre approche
Nos métiers
Nos refits
Contact
      





















 -->




Chantier naval à La Roch"
398298547,S.Y.S.B.A. SA,3315Z,17180,PERIGNY,https://www.s.y.s.b.a..fr,"ERROR:Failed to parse: 'www.s.y.s.b.a..fr', label empty or too long",False,True,False,
418756136,TECK INOX,3315Z,17000,LA ROCHELLE,https://www.teck-inox.com,200,False,False,True,"Fabrication, réparation et optimisation d&#039;accastillage bateaux de plaisance | Fabrication, réparation et optimisation d&rsquo;accastillage pour bateaux de plaisance | bateau saba 50bateau amel 64img3                    

                                    
            
        
        


Fabrication, réparation et optimisation d&rsquo;accastillage pour bateaux de"
413843319,GRASSI BATEAUX SARL (CAP AU LARGE),3315Z,17000,LA ROCHELLE,https://www.grassibateaux.com,200,False,False,True,"Grassi Bateaux, vente de bateaux neufs et d&#039;occasions - Grassi Bateaux | Jeanneau &amp; Jeanneau Yachts
Lagoon · J Composites
ZODIAC · BOMBARD | Vente de bateaux neufs

	Jeanneau
	Lagoon
	J Composites
	Zodiac
	Bombard


Bateaux d’occasion

	Bateaux d’occasion à l’achat
	Vendre avec Grassi Bateaux


Côté chantier
Côté location

	La location de "
414604405,FREDERIC SIBERT (FREDMASTERSERVICES),3315Z,17100,SAINTES,https://sibert.fr,ERROR:Exceeded 30 redirects.,False,True,False,
414658831,ONE OFF,3315Z,17440,AYTRE,https://www.oneoff.fr,200,False,False,False,"OneOff &bull; Spécialiste De L’externalisation De Votre Logistique E-commerce | Logisticien e-commerce qui accompagne les e-commerçants de A à Z | Une intégration Plug &amp; Play et modulableIntégrez vos canaux de vente, quelle que soit votre solution e-commerce ou la marketplace utilisée+ de 70 marketplaces et Ventes Privées6 CMS e-commerce



"
440608156,PATRICE FAVARD,3315Z,17170,BENON,https://www.favard.fr,403_ANTIBOT,True,False,False,(anti-bot)
440729598,BOBATO,3315Z,17000,LA ROCHELLE,https://www.bobato.fr,200,False,False,True,"BOBATO | chantier nautique | ​ | ');align-items:center;background-color:rgba(var(--bg,var(--color_11,color_11)),var(--alpha-bg,1));border:var(--brw,0) solid var(--wst-base-2-color,rgba(var(--brd,var(--color_15,color_15)),var(--alpha-"
433652633,SAILING ATLANTIC SERVICES,3315Z,85100,LES SABLES-D'OLONNE,https://www.sailing-atlantic.com,200,False,False,True,Sailing Atlantic Services - Préparation et équipement de bateaux | Boat commissioning and equipment  the final step towards your dream...
423864651,MB92 LA CIOTAT,3315Z,13600,LA CIOTAT,https://mb92.com/,200,False,False,True,"Home - MB92 | Built on experience
For over 30 years, we have specialised exclusively in superyacht refits, partnering closely with our clients to deliver successful results and the best possible project experience."
502439425,NAVILUDE (NAVILUDE),3315Z,17440,AYTRE,https://www.navilude.fr,200,False,False,True,"NAVILUDE sp&eacute;caliste du thermobachage, protection pour le transport, emballage - charente maritime (17) | La b&acirc;che &nbsp;est un film  de haute qualit&eacute; avec une fine &eacute;paisseur et une haute r&eacute;sistance.

			NAVILUDE utilise une b&acirc;che enti&egrave;rement recyclable qui prot&egr"
503386286,JBG,3315Z,17220,CLAVETTE,https://www.jbg.fr,200,False,False,True,"JBG Consultants a rejoint le groupe Onepoint - Onepoint | JBG Consultants a rejoint le groupe Onepoint | JBG Consultants, cabinet de conseil spécialiste de la filière alimentaire, a rejoint le groupe Onepoint, architecte des grandes transformations des entreprises et des acteurs publics.

&nbsp;

Cet"
453120420,GOAZEN (GOAZEN),3315Z,17170,LA GREVE-SUR-MIGNON,https://goazen.info/,200,False,False,False,"Goazen! - Agenda Concerts &amp; Soirées Biarritz, Pays Basque, Landes | Tous les concerts   au Pays basque et dans les Landes | Deep house, organic house, tech house, house, edm"
449830546,ALIZES BOAT PEINTURE,3315Z,17000,LA ROCHELLE,https://peinture.com,403_ANTIBOT,True,False,False,(anti-bot)
489639526,JS MARINE,3315Z,17300,ROCHEFORT,https://www.js-marine.com,200,False,False,True,"JS Marine - Vente, location, hivernage et entretien de bateaux à Ajaccio | Chantier naval à Ajaccio | 04 95 21 97 84Louer votre bateauJS MarineChantier naval à AjaccioChantier naval à Ajaccio reconnu des amateurs de navigation, nous proposons diverses solutions pour vous permettre d’acquérir un bateau"
497612903,ESPACE MARINE INDUSTRIE,3315Z,17200,ROYAN,https://worldwide.espacenet.com/,403_ANTIBOT,True,False,False,(anti-bot)
498967215,ATLANTIC REFIT CENTER (ARC),3315Z,17000,LA ROCHELLE,https://www.atlanticrefitcenter.com,200,False,False,True,"Atlantic Refit CenterA great facility on the French Atlantic Coast dedicated to superyacht refit, conversion or repaint. | Our unique facilities and expertise are perfect for works on 25 meters up to 140 meters long superyachts : 2 dry docks (176 and 107 meters long), 250 meters of afloat repair docks, a 250 tons capacity"
525330122,POINT MER 17,3315Z,17420,SAINT-PALAIS-SUR-MER,https://www.17.fr,200,False,False,False,"Actualité récente du 17 | Actualit&eacute; r&eacute;cente du 17 | VideosPhotosAnnoncesNewsAopContact

Actualit&eacute; r&eacute;cente du 17
Vid&eacute;osPhotosAnnoncesNews

	Le site 17.fr est en vente
	


	





	
	Administrations et &eacute;tablissements scolaires "
795318849,NICOLAS CHANTELOUP,3315Z,17000,LA ROCHELLE,https://www.chanteloup.fr,200,False,False,True,"Mairie de Chanteloup | Mairie de Chanteloup | Mairie de Chanteloup | Les cookies assurent le bon fonctionnement de nos services.En utilisant ces derniers, vous acceptez tacitement l'utilisation des cookies. en savoir Plus"
529920217,ESPRIT NAUTIC (ESPRIT NAUTIC),3315Z,17000,LA ROCHELLE,https://www.esprit-nautic.com,200,False,False,False,ESPRIT NAUTIC | Notre site utilise des cookies
798563474,KW BOATFISHING,3315Z,17410,SAINT-MARTIN-DE-RE,https://www.boatfishing.fr,200,False,False,True,"Boat &amp; Fishing - Techniques, Astuces et Conseils | Boat &amp; Fishing | Techniques, Astuces et Conseils"
532205184,OLIVIER SENEZ,3315Z,17780,SAINT-FROULT,https://www.senez.fr,503_ANTIBOT,True,False,False,(anti-bot)
792944407,SELF YACHTING SARL (SELF YACHTING),3315Z,17000,LA ROCHELLE,https://www.yachting.fr,200,False,False,True,Spécialiste accastillage et équipement pour dériveur et catamaran | Livraison gratuite dès 50€ d'achat via Mondial Relay®
829635259,NEO MARINE ATLANTIQUE (NEO MARINE ATLANTIQUE),3315Z,17000,LA ROCHELLE,https://www.atlantique.com,200,False,False,False,"Atlantique: The domain name Atlantique.com is for sale | Atlantique.com is for sale! | Explore 400,000+ expert-curated, brandable domains to elevate your business."
848943098,MS SOLUTIONS,3315Z,17000,LA ROCHELLE,https://www.mssolutions.fr,200,False,False,True,"MS SOLUTIONS &#8211; Votre partenaire Informatique et Téléphonie au service des entreprises | MS Solutions | Permuter la colonne latérale et la navigation
					
					
					
				
					
	

	

    
	
	
	
		
		
			
			
							MS Solutions
			
							MS Solutions : Votre partenaire Informatique et Téléphonie au s"
840842439,IMEDA SHANIDZE (ID NAUTIQUE),3315Z,17000,LA ROCHELLE,https://shanidze.com,200,False,False,False,"IRAKLY SHANIDZE &#8211; DETROIT • MICHIGAN • USA • EARTH • SOLAR SYSTEM • UNIVERSE | Guestbook | EXPLOREIrakly Shanidze Virtual Habitat
				
			
				
	

			
				

					
	
				
							IRAKLY SHANIDZE"
911917201,FLY HIGH AVIATION,3315Z,17350,PORT-D'ENVAUX,https://www.flyhighaviation.com,200,False,False,True,Fly High Aviation | Ferry Pilot &amp; Delivery Service
853021459,SUNRISE,3315Z,17450,SAINT-LAURENT-DE-LA-PREE,https://www.sunrise.fr,200,False,False,False,Sunrise Period Noms Domaine - Déposer en priorité vos marques dans les nouveaux noms de domaine | Sunrise Period Noms Domaine | Déposer en priorité vos marques dans les nouveaux noms de domaine
842499402,GT SAILING 17 (GT SAILING 17),3315Z,17000,LA ROCHELLE,https://www.gtsailing.com,200,False,False,True,"Home | GT Sailing | Lake Michigan Sailing School | GT Sailing began in 2001 as an ASA (American Sailing Association) Sailing School in Holland, Michigan. Since then, our family of experienced sailors has continued to serve Southwest Michigan as the go"
893617084,VICTOR NAUTISME,3315Z,17000,LA ROCHELLE,https://www.victor-nautisme.com,200,False,False,True,"Accueil - Victor Nautisme | ENTRETIEN BATEAU | « Victor Nautisme propose un service complet pour votre bateau,
afin que vos navigations restent uniquement un moment de plaisir. »"
894098540,TOM SALIOT,3315Z,17690,ANGOULINS,https://www.saliot.com,200,False,False,False,SALIOTï¼ãµãªãªï¼- ã¹ãã¼ãç§æ | ãããã¢ãããæ ªå¼ä¼ç¤¾ | SALIOT | ã¬ã¹ãã©ã³ã»ã»ã¬ã¢ãã¼ãã¼ã«ã»ãã¥ã¼ã¸ã¢ã ã»ãªãã£ã¹ï¼ã¤ã®æ¥­ç¨®ãä¾ã«ãSALIOTãªãã§ã¯ã®æ´»ç¨æ¹æ³ããç´¹ä»
952017556,507 PROJECTS,3315Z,56100,LORIENT,https://www.507projects.com,200,False,False,True,"HOME | 507 projects | Integrated Project Management for Premium Interiors | SERVICES PROJECTS ABOUT USGET A QUOTE

    
        
    



    
        
        
        
    

Menu
    
        
        
        
    

Close

    
        
    

SERVICES PROJECTS ABOUT USIn"
949760128,SAFY,3315Z,17220,LA JARRIE,https://www.safy.fr,200,False,False,False,Safy. La solution d&#039;aide à l&#039;évacuation et au confinement. | La sécurité optimisée | Safy people est la solution de gestion de vos évacuations et de vos confinements dans le cadre des exercices réglementaires ou de réels dangers.
328538178,GOLFE OCEAN EXPORT,3315Z,17000,LA ROCHELLE,https://golfeocean.fr,200,False,False,False,"Accueil &#8902; Golfe et Océan | Golfe  et Océan | Recettes produits de la mer


  La SociétéDéplier
				

	  Actualités


Contact
		
	
	

		
						
						Rechercher
				
		
	
	
					
							
		
	

				
			
					
	
	

	
		
			
			
	
		
			
									
	"
483948824,CANDELA,3315Z,17000,LA ROCHELLE,https://www.candela.com,200,False,False,True,"Hydrofoiling Electric Boats and Ferries - Candela | Hydrofoiling electric 
boats and ferries | Hydrofoiling electric 
boats and ferries
            
                           Designed and made in Sweden"
494326440,PIERRE BERGE,3315Z,17000,LA ROCHELLE,https://www.pierreetvacances.com/,403_ANTIBOT,True,False,False,(anti-bot)
519741425,PASCAL DUPIN,3315Z,17430,TONNAY CHARENTE,https://www.pascaldupin.fr,200,False,False,False,Pascal Dupin | Aroun est d&eacute;sormais disponible en feuilletons sur diff&eacute;rentes librairies en ligne.
521170092,GWEN MARINE LA ROCHELLE (G MOTEUR SERVICE),3315Z,17000,LA ROCHELLE,https://www.gwenmarine.com,200,False,False,True,"Accueil - GWEN MARINE SERVICE | MOTEUR DE VOTRE PASSION | L&rsquo;entreprise
	
                
                Nos Occasions Reman
	
                
                Nos Partenaires et Produits


Nos services
                
                
              "
521830778,PORT 7 A SEC,3315Z,17190,SAINT-GEORGES-D'OLERON,https://www.portsec.fr,200,False,False,True,Association Z.I. Port Sec - La Husselle - Association d'entreprises | Les entreprises
524412954,OCEANE BOAT,3315Z,17200,ROYAN,https://www.oceaneboat.com,200,False,False,True,Accueil | OceaneBoat Royan - Reparation Bateau | OCEANE BOAT | OCEANE BOATSPÉCIALISTE MOTEUR INBOARD &amp; HORS-BORD
443611876,WILLMAR,3315Z,17000,LA ROCHELLE,https://www.willmar.com,200,False,False,False,"Willmar Lakes Area | Live, Work, and Play in Kandiyohi County, Minnesota | LIVE | Whether you seek a weekend of 
					relaxation, exciting adventures, 
					a new career, or a place to call home, 
					the Willmar Lakes Area has it all. 
					Stay for a week or a lifetime...
			"
478424211,ELECTRICITE MARINE,3315Z,17000,LA ROCHELLE,https://www.electricite-marine.fr,200,False,False,True,"Accueil - Electricité Marine | Installation et réparation matériels électriques pour bateaux de plaisance à La Rochelle | #nectar-slider-instance-1, #nectar-slider-instance-1 .swiper-container { min-height: 600px; }   &nbsp; 
						ElectricitéInstallation complète - Création chantier neuf Refit"
395237522,SARL LECAMUS,3315Z,17000,LA ROCHELLE,https://www.lecamus.fr,200,False,False,True,"LeCamus | AccueilNotre entreprise
							
						
					
				



Nous contacter
















Votre partenaire de confiance pour les services de chauffage, ventilation, désenfumage, climatisation et plomberie d"
388586885,OCEANE COMPOSITE SARL,3315Z,17200,SAINT-SULPICE-DE-ROYAN,https://oceane.breizhgo.bzh/,200,False,False,True,"Traversée en bateau des îles bretonnes | BreizhGo Océane | Réservez votre traversée versles Îles du Morbihan | Océane - Infos voyageur & eBoutique, téléchargez l'app"
908976657,GNS NAUTIQUE,3315Z,17120,SEMUSSAC,https://www.gnsnautique.fr,200,False,False,True,"GNS Nautique - Réparation flotteur semi-rigide | Spécialistes du semi-rigide. | Basée à Semussac, l’entreprise GNS Nautique est spécialisée dans le changement et la réparation de flotteur pour bateau pneumatique et semi-rigide."
922532544,JEAN BAPTISTE RAVART,3315Z,17000,LA ROCHELLE,https://www.jeanbaptiste.com,403_ANTIBOT,True,False,False,(anti-bot)
922944202,LES 4M PLAISANCE,3315Z,17120,TALMONT-SUR-GIRONDE,https://www.les4m.com,403_ANTIBOT,True,False,False,(anti-bot)
511489502,XAVIER MACAIRE,3315Z,85340,L'ILE-D'OLONNE,https://www.xaviermacaire.com,200,False,False,True,Xavier Macaire | Navigateur | Le skipper | PalmarèsAgenda des coursesLe bateau
507753838,DMP,3315Z,17340,YVES,https://www.dmp.fr,200,False,False,True,"DMP : Dossier Médical Partagé - Professionnel - SI-Portail | En poursuivant votre navigation sur ce site, vous acceptez
					l’utilisation de cookies pour améliorer votre navigation, faciliter
					votre connexion et recueillir des statistiques anonymes."
531634368,SAILING SERVICES 17,3315Z,17300,ROCHEFORT,https://www.sailingservices.com,200,False,False,True,"Sailing Services - Rope, Rigging, and Hardware Experts | Welcome to our New Mobile Friendly Site!"
524882735,ESCALE TECHNIC 17,3315Z,17440,AYTRE,https://www.escaletechnic17.fr,200,False,False,True,"Services de maintenance et réparation de bateaux à Aytré - Escale Technic 17 | Escale Technic 17 | Des prestations sur mesure et &agrave; la carte

Dans le cadre de nos missions de&nbsp;r&eacute;paration de bateau &agrave; La Rochelle, nous vous proposons diff&eacute;rents services &agrave; la ca"
487925323,SPEED EAU,3315Z,17220,SAINTE-SOULLE,https://www.eau.com,200,False,False,True,"Professional Audio Systems: Paging, PA System &amp; More | AtlasIED | With over 90 years of industry leadership, AtlasIED has been at the forefront of commercial audio innovation since 1934. Our enduring commitment to quality and reliability has made us a trusted partne"
528332919,NICOLAS AUDEBERT,3315Z,17000,LA ROCHELLE,https://www.audebert.fr,200,False,False,False,"Vignoble Ã  Bourgueil | Vignerons &agrave; Bourgueil | Vignerons &agrave; Bourgueil


Bienvenue sur le site de la Maison Audebert et Fils, domaine viticole situ&eacute; &agrave; Bourgueil."
791554090,Y & Y MARINE SERVICE (Y & Y MARINE SERVICE),3315Z,17630,LA FLOTTE,https://www.marineservice.com,200,False,False,True,"Urgent Class-Approved Repair Workshop for Vessel Repairs | Class-Approved Repairs of
Rudder and Propulsion Equipment | In-house Repairs Services
                                        
                                        
                                            
    

                                        
"
821523503,SARL ATLANTIC RENOV,3315Z,17132,MESCHERS-SUR-GIRONDE,https://www.atlantic-renov.fr,200,False,False,False,"Entreprise de maçonnerie réstauration-rénovation à La Chevallerais | Atlantic Rénov | ATLANTIC RÉNOV | .st0{fill:none;stroke:#000000;stroke-width:30;stroke-miterlimit:10;}
      
      
      
    
          
      .st0{fill:none;stroke:#000000;stroke-width:30;stroke-miterlimit:10;}
      
      
    
"
818421190,LOISIRS 17,3315Z,17000,LA ROCHELLE,https://www.17.fr,200,False,False,False,"Actualité récente du 17 | Actualit&eacute; r&eacute;cente du 17 | VideosPhotosAnnoncesNewsAopContact

Actualit&eacute; r&eacute;cente du 17
Vid&eacute;osPhotosAnnoncesNews

	Le site 17.fr est en vente
	


	





	
	Administrations et &eacute;tablissements scolaires "
838222875,JEROME FAVARD (NAUTIC IMPACT),3315Z,17170,SAINT-JEAN-DE-LIVERSAY,https://www.favard.fr,403_ANTIBOT,True,False,False,(anti-bot)
828106872,SELECT YACHT,3315Z,17000,LA ROCHELLE,https://www.select-yacht.com,200,False,False,True,"Select Yacht - Chantier nautique | Cr&eacute;&eacute; en 2017 par son actuel dirigeant Cyrille Rognon, le chantier naval 
SELECT YACHT 
offre &agrave; ses clients un large &eacute;ventail de comp&eacute;tences pour l&rsquo;entretien, l"
918365826,ALEX MECA (ALEC MECA),3315Z,17320,SAINT-JUST-LUZAC,https://www.meca.com,403_ANTIBOT,True,False,False,(anti-bot)
918447434,HAMM SERVICES (HAMM SERVICES),3315Z,17180,PERIGNY,https://www.hammservices.fr,200,False,False,True,"Installation d&#039;Ã©quipements pour bateaux Ã  Perigny | &Eacute;quipementiers &agrave; la rochelle &ndash; Hamm Services | Hamm Services est une entreprise implant&eacute;e &agrave; Perigny, sp&eacute;cialis&eacute;e dans l&rsquo;installation d&rsquo;&eacute;quipements pour bateaux."
951010461,NG PLAISANCE,3315Z,17940,RIVEDOUX-PLAGE,https://www.ngplaisance.com,200,False,False,True,NG PLAISANCE | Prêt à prendre le large? | Ouvert du Lundi au Vendredi de 9h \u00E0 18h.
930802616,HORIZON LAGON,3315Z,17220,LA JARNE,https://www.horizonlagon.fr,200,False,False,True,"Construction de piscines coques et lagons - Horizon Lagon | construction de piscines coques et lagons | Menu
		
					
				Accueil
Piscine Lagon
Piscine coque
Réalisations
Actualités
Contact
			
				
				
				
		
				
				
					
			
						
									06 66 36 82 57
					
					
		
				
				
				
				
				
	"
940905169,OCEANE YACHT,3315Z,17000,LA ROCHELLE,https://www.oceaneyacht.com,200,False,False,True,"Océane Yacht - Expert en mécanique marine -La Rochelle | QUI SOMMES-NOUS ?Nouvel arrivant sur le Port des Minimes, nous sommes heureux de vous pr&eacute;senter nos services et notre expertise en m&eacute;canique marine.
​
Nous vous accueillons dans notre ma"
989350012,BREEZE MARINE (BREEZE MARINE),3315Z,17630,LA FLOTTE,https://www.breeze-marine.fr,200,False,False,True,"Breeze Marine | Conciergerie nautique haut de gamme à l’Île de Ré et à La Rochelle | Conciergerie nautique haut de gamme à l’Île de Ré et à La Rochelle | À La Rochelle ou sur l’île de Ré, nous prenons le plus grand soin de votre bateau. Propriétaire d’un navire à moteur ou d’un voilier, notre accompagnement sur mesure et nos services personnalisés couv"
992577197,KOV-T,3315Z,17540,VERINES,https://www.kov.fr,200,False,False,False,Nameshift.com  Open language menu  en   België  Nederlands (nld)
322952805,JEAN GARRY,3315Z,17450,FOURAS,https://www.garry.com,200,False,False,False,"The Industry Leading Domain Broker - MediaOptions | The Industry Leading Domain Broker | MediaOptions is the #1 domain broker in the world with over 20 years of domain name success, over $500 million in domain name deals, and trusted by some of the biggest companies in the world. We are s"
341730950,MARINE PLAISANCE  SERVICE,3315Z,17000,LA ROCHELLE,https://www.marineplaisanceservice.com,200,False,False,True,"Vente de bateau occasion Arcachon & moteurs bateau à LEGE-CAP-FERRET - MARINE PLAISANCE SERVICE | Marine Plaisance Service à Lège-Cap-Ferret | Annuaire des marées   
                



    
        
            


	
					
				
				
			
					
				
				
			
					
				
				
			
		
	



	
		
			
				Marine Plaisance Service à Lège-Cap-Ferret
		"
413392770,ATELIER DU MARIN,3315Z,17000,LA ROCHELLE,https://www.paris-ateliers.org/,200,False,False,False,Paris Ateliers | On ne vous avait pas dit que vous pouviez vous inscrire toute l’année dans nos ateliers !
447914508,EURL NOE NAUTIQUE,3315Z,17000,LA ROCHELLE,https://www.nautique.com,200,False,False,True,"2026 Nautique Boats - World's Best Luxury Ski Boats and Wakeboard Boats. | EXPLORE THE 2026 NAUTIQUE LINEUP | Menu
                

                
                
                    
                        
                

                
                
                    
            "
803997113,LR YACHTING,3315Z,17450,SAINT-LAURENT-DE-LA-PREE,https://www.yachting.fr,200,False,False,True,Spécialiste accastillage et équipement pour dériveur et catamaran | Livraison gratuite dès 50€ d'achat via Mondial Relay®
342092160,PHILIPPE LEFEVRE,3315Z,17300,ROCHEFORT,https://www.philippelefevre.com,403_ANTIBOT,True,False,False,(anti-bot)
502836612,SEA BOAT,3315Z,17440,AYTRE,https://www.seaboat.fr,200,False,False,True,"SeaBoaT &#8211; Location et gestion de Bateaux | Présentation | ZODIAC MEDLINE II 20186,60 mètresMoteur SUZUKI 140 cv6 Adultes et 2 enfants de moins de 40 kg  pour votre confortTaud de soleil, TableRadio Fusion GPS &#8211; SONDEURDouchetteConfortablePrévu pour 11 "
511345837,TRANSAT-ELEC,3315Z,17440,AYTRE,https://www.airtransat.com/,200,False,False,False,"Air Transat - Vols vers le Canada | Voyagez avec Air Transat | Réservez un billet d&rsquo;avion vers Montréal, Québec, Toronto, Vancouver ou Calgary au départ de 12 pays européens. Profitez également d&rsquo;un éventail de villes de départ et de destinations supp"
457201564,G BONNIN FRERES,3315Z,33120,ARCACHON,https://www.bonnin-freres.com,200,False,False,False,"Entreprise de Maçonnerie Vendée Bonnin frères au Fenouiller | L&rsquo;entreprise Bonnin Frères, située au Fenouiller, votre expert en maçonnerie pour vos travaux neufs ou de rénovati | Entreprise de Maçonnerie, Neuf &amp; Rénovation au Fenouiller"
512817685,DUBOURDIEU SERVICES,3315Z,33470,GUJAN-MESTRAS,https://www.dubourdieu.fr/,200,False,False,True,"Chantier Naval - Dubourdieu - Gujan Mestras | Home | Le bateau, c’est la liberté. La mer, c’est la contemplation."
753488006,MARINE SERVICES 33 EURL,3315Z,33260,LA TESTE-DE-BUCH,https://www.marineservices33.com,200,False,False,True,"Accueil - Marine Service 33 | +33687261467
									
								
											
													
										marineservices33@gmail.com
									
								
											
													
										260 bis rue Denis Papin, 33260 La Teste de Buch
		"
939281168,MNB,3315Z,33380,MARCHEPRIME,https://www.mnb.com,200,False,False,False,Check out our sponsor - Rimbiana | You can find out after watching the video
320216047,GRAND CHANTIER DES PRES SALES,3315Z,33115,LA TESTE DE BUCH,https://gta5grand.com/,403_ANTIBOT,True,False,False,(anti-bot)
439640954,AUTO-NAUTIC,3315Z,33950,LEGE-CAP-FERRET,https://autonautic.com,200,False,False,False,"autonautic.com :: this domain is for sale | in purchasing domain name, please submit this form."
433035003,CRAIG ABRAHAMS,3315Z,33950,LEGE-CAP-FERRET,https://www.craigabrahams.com,200,False,False,False,
512142951,HULL CONCEPT,3315Z,33123,LE VERDON-SUR-MER,https://www.concept.fr,403_ANTIBOT,True,False,False,(anti-bot)
514639541,FRANCK MASSA (COMPOSITE NAUTIQUE),3315Z,33260,LA TESTE-DE-BUCH,https://www.massa.com,403_ANTIBOT,True,False,False,(anti-bot)
502531304,BATEAUX SERVICES DU BASSIN D'ARCACHON,3315Z,33260,LA TESTE-DE-BUCH,https://www.bateauxservices.com,403_ANTIBOT,True,False,False,(anti-bot)
478016892,YANNICK DA SILVA (ACTION MOBIL PLAISANCE),3315Z,33138,LANTON,https://www.silva.com,403_ANTIBOT,True,False,False,(anti-bot)
489330936,PERREAUD NAUTIQUE,3315Z,33510,ANDERNOS-LES-BAINS,https://www.perreaudnautique.com,200,False,False,True,Hivernage moteur et bateau sortie d'eau | Perreaud Nautique | Andernos-les-Bains | FLYER 10VALIANT 750SUN 2500AX 3 AerotecCATALOGUES
484292560,ARNAUTIC,3315Z,33950,LEGE-CAP-FERRET,https://arnautic.com,200,False,False,False,"Tienda Náutica Online | Filtros, Accesorios, Cummins, Solé Advance
 &ndash; AR Nautic | Facebook
      
    
      
        

        Instagram
      
    

        
          
            

          
          
                
                      Te damos la bienvenida a nuestra tie"
509718078,YACHTING ARCACHON SERVICE,3315Z,33260,LA TESTE-DE-BUCH,https://www.yachting-arcachon.com,200,False,False,True,"Yachting Arcachon – Concessionnaire moteur hors-bord Mercury, magasin moteur hors-bord Mercury | Concessionnaire de moteurs hors-bord Mercury&nbsp;&agrave; Arcachon | Mercruiser offre le plaisir et la fiabilit&eacute; de la navigation hautes performances. Ce constructeur &eacute;quipe tous types d'embarcations."
524532538,VALENTIN BELOEIL,3315Z,33700,MERIGNAC,https://www.beloeil.com,403_ANTIBOT,True,False,False,(anti-bot)
498158203,AMB 33,3315Z,33120,ARCACHON,https://www.amb-33.com,200,False,False,False,"amb33 เว็บคาสิโนถูกกฎหมาย สบายทุกด้าน ร่ำรวยได้แบบไม่รู้ตัว | amb33 | หน้าแรก
โปรโมชั่น
เกี่ยวกับเรา
ติดต่อเรา
บทความ




	


			







	
	




	หน้าแรก
โปรโมชั่น
เกี่ยวกับเรา
ติดต่อเรา
บทความ




	
		เข้าสู่ระบบ	



	
		สมัครสมาชิก	




			







	
	




	Menu

	

		"
824556906,GERARD NAUTIQUE ARCACHON,3315Z,33120,ARCACHON,https://www.gerard-nautique.fr,200,False,False,True,"GERARD NAUTIQUE ARCACHON | GERARD NAUTIQUE ARCACHON | Depuis 1983, nous sommes fiers de proposer des services de m&eacute;canique de qualit&eacute; pour les amateurs de nautisme &agrave; Arcachon. Notre &eacute;quipe exp&eacute;riment&eacute;e est l&agra"
832087290,NAUTICSHARK,3315Z,33420,GENISSAC,https://www.nauticshark.fr,503_ANTIBOT,True,False,False,(anti-bot)
902142470,BORDEAUX YACHT SYSTEM,3315Z,33720,LANDIRAS,https://www.bordeaux-yacht-system.com,200,False,False,False,Il est temps de passer au niveau supérieur ! | Félicitations !
890112501,PIERRE MOUNIC (RENOV BATEAU 33),3315Z,33480,MOULIS-EN-MEDOC,https://www.pierreetvacances.com/,403_ANTIBOT,True,False,False,(anti-bot)
901345686,CORDOUAN PLAISANCE SERVICES,3315Z,33123,LE VERDON-SUR-MER,https://www.cordouanplaisanceservices.fr,200,False,False,True,"Entretien et Mécanique Marine | MON METIERVOTRE PLAISIR DE NAVIGUER | MON METIERVOTRE PLAISIR DE NAVIGUERSitué au Verdon-sur-Mer à Port Medoc, je mets à disposition mes 22 ans d'expérience dans la maintenant marine pour répondre à vos besoins.EntretienJe m'occupe de l'e"
912156007,F2V MARITIME,3315Z,33270,FLOIRAC,https://www.f2v-maritime.com,200,False,False,True,F2V MARITIME | PRESTATION DE SERVICE DANS LES CHANTIERS NAVALS | F2V MARITIME est une entreprise de prestation de service sp&eacute;cialis&eacute;e dans les chantiers navals.
922941653,JONATHAN SENTUC (JSF.COMPOSITE),3315Z,33380,MIOS,https://shop.jonathan.it/,403_ANTIBOT,True,False,False,(anti-bot)
921189965,YACHT NAUTIC,3315Z,33310,LORMONT,https://www.yachtnautic.fr,TIMEOUT,False,True,False,
952320224,OPEN LUNE,3315Z,33100,BORDEAUX,https://www.openlune.com,200,False,False,True,"Accueil - OpenLune, Pôle nautique &amp; économie bleue, Bordeaux | CHANTIER NAVAL NICOLAS | 3 activités au cœur de la rive droite, face au port de la Lune :"
978441418,LCA CONCEPT,3315Z,33950,LEGE-CAP-FERRET,https://www.concept.fr,403_ANTIBOT,True,False,False,(anti-bot)
949620579,REN-EAU-BAT,3315Z,20260,CALVI,https://www.bat.fr,TIMEOUT,False,True,False,
951142090,FERRET MARINE SERVICES,3315Z,33510,ANDERNOS-LES-BAINS,https://www.ferret-marine.fr,200,False,False,True,"Location de bateaux Cap Ferret (33) | Ferret Marine | LOCATION DE BATEAU AVEC ET SANS PERMIS AU CAP FERRET | Permis bateau dès 349€, en 1 week end, contactez-nous !"
951164094,LINO DELPECH CHASTANG (ELECTRO SVALDO),3315Z,33930,VENDAYS-MONTALIVET,https://www.chastang.fr,200,False,False,False,Bienvenue sur chastang.fr | Bienvenue sur chastang.fr | Ce site est actuellement en construction.N'hÃ©sitez pas Ã  venir le visiter prochainement!
980257463,BOAT POWER SERVICES,3315Z,33260,LA TESTE-DE-BUCH,https://www.boatpower.fr,200,False,False,True,"Mécanique et entretien bateau à Cavalaire – Réparation &amp; hivernage - Boat Power | Nos partenairesNos partenaires nous accompagnent pour vous proposer des solutions marines de qualit&eacute;, adapt&eacute;es &agrave; l&rsquo;entretien, &agrave; la navigation et &agrave; la s&eacute;"
489982041,ANTHONY BAEZA,3315Z,33680,LE PORGE,https://www.anthonybaeza.com,200,False,False,False,"Coming Soon | anthonybaeza.com | anthonybaeza.com
  

  
    We&apos;re under construction. Please check back for an update soon."
101095776,FERRET MARINE SERVICES 2,3315Z,33510,ANDERNOS-LES-BAINS,https://www.ferret-marine.fr,200,False,False,True,"Location de bateaux Cap Ferret (33) | Ferret Marine | LOCATION DE BATEAU AVEC ET SANS PERMIS AU CAP FERRET | Permis bateau dès 349€, en 1 week end, contactez-nous !"
408855476,JEAN LACAZE,3315Z,33990,HOURTIN,https://jean-lacaze.mon-ent-occitanie.fr/,200,False,False,False,Collège Jean Lacaze | Les parents trouveront ici des repères pour les stages obligatoires ou facultatifs.
449808815,CHANTIER NAVAL DU FOUR,3315Z,33950,LEGE-CAP-FERRET,https://www.chantier-naval.com,200,False,False,True,"Accueil - Chantier Naval Forillon | Fabricant de navires | Accueil | en

        
        
          
            Histoire
Équipe
Services
Réalisations
Carrière
Contact
          
          
            Retour
Services
Construction de navires
Réparation et modification"
482827771,AMPHITRITE,3315Z,33950,LEGE-CAP-FERRET,https://www.amphitrite.fr,200,False,False,True,Amphitrite - Ocean Data Intelligence | Pioneering Ocean Intelligence | At Amphitrite we harness satellite observation and artificial intelligence to help maritime operators make the best decisions at sea
481025443,EMBARC,3315Z,33470,GUJAN MESTRAS,https://www.embarc.com,200,False,False,True,Embarc.com Home | Invest in Companies or Funds | Capital ProvidersCalendarSign inSkip to contentOpen menuInvest in Companies or FundsI am an Investor
439001157,SARL BATEAUX BOIS,3315Z,33470,GUJAN MESTRAS,https://www.bateaux-bois.com,200,False,False,True,"Bateaux-Bois.com - La construction amateur en bois | Grâce à notre ami Renaud, nous pouvons vous proposer un nouveau plan gratuit, cette fois-ci une jolie barque de 3.14m de long. Non seulement il [&#8230;]"
429233786,LIONEL GLEMET THEZE (GLEMET) (MECA33),3315Z,33340,QUEYRAC,https://www.theze.com,403_ANTIBOT,True,False,False,(anti-bot)
424678795,ERIC MICHEL,3315Z,40160,YCHOUX,https://www.ericmichel.com,200,False,False,False,
830246674,EURL ATLANTIC NAVY,3315Z,33300,BORDEAUX,https://www.navy.com,403_ANTIBOT,True,False,False,(anti-bot)
884684127,ATELIER DE SAUVEGARDE DU PATRIMOINE NAVAL LOCAL,3315Z,33470,GUJAN-MESTRAS,https://www.atelier.lu/,403_ANTIBOT,True,False,False,(anti-bot)
884924812,MECAP - FERRET,3315Z,33950,LEGE-CAP-FERRET,https://www.mecap-ferret.com,200,False,False,True,"Mecap Ferret | Location De Bateau | Lège-Cap-Ferret | 06 42 57 75 28
          
              
    
    



    
    

    

              
                  

    
        
        
        
        
        
        
        
        
        
       "
893004333,NAVITEC,3315Z,33150,CENON,https://www.navitec.fr,200,False,False,False,Navitec.fr | Instruments &amp; Chronographes - Paris | Boutique en ligne | &copy; COPYRIGHT NAVITEC | HOMMEFEMMEACCESSOIRESInstruments de bordÀ PROPOS
898656558,ADM AUTO NAUTIC,3315Z,33950,LEGE-CAP-FERRET,https://www.nautic.com,200,False,False,True,"Home - Nautic | As a middle market private equity firm, we focus on three specialties while supporting the long-term value creation of our portfolio companies."
850503483,BOAT ACCESS RETAILS (BOAT ACCESS),3315Z,33510,ANDERNOS-LES-BAINS,https://www.boataccess.com,403_ANTIBOT,True,False,False,(anti-bot)
949376586,GADIEL BA (CAPTAIN WILL),3315Z,33470,GUJAN-MESTRAS,https://www.ba.com,TIMEOUT,False,True,False,
952412203,BLUE MAR CLEAN,3315Z,66750,SAINT-CYPRIEN,https://www.bluemarclean.fr,200,False,False,True,"Blue Mar Clean : station de carénage bateaux Saint-Cyprien, carénage à flot | Nouvelle station de nettoyage et d'entretien de bateaux à Saint-Cyprien : une approche révolutionnaire | Nouvelle station de nettoyage et d'entretien des coques de bateaux à Saint-Cyprien"
980328140,2T2K,3315Z,33123,LE VERDON-SUR-MER,https://www.2t2k.com,200,False,False,False,"Em breve | 2t2k.com | 2t2k.com
  

  
    Estamos em construção. Volte em breve para ver atualizações."
983238759,EURL AGS NAUTIC (AGS NAUTIC),3315Z,33260,LA TESTE-DE-BUCH,https://www.agsnautic.fr,200,False,False,True,"Maintenance Navale La Teste-de-Buch | Entretien, Réparation & Hivernage Bateau | Réparation et maintenance navale à La Teste-de-Buch | AGS Nautic
                    -
                     100 Rue Frédéric Sauvage, 33260 La Teste-de-Buch
                    -
                    06 84 78 72 09

                    
                  "
490329836,TECHNI-SAILS,3315Z,33950,LEGE-CAP-FERRET,https://forums.technicpack.net/,403_ANTIBOT,True,False,False,(anti-bot)
813779816,MORGAN SAILS,3315Z,33470,GUJAN-MESTRAS,https://www.morgan-sails.com,200,False,False,True,"Morgan Sails &#8211; UK made dinghy and cruiser sails, covers and sail repairs | Morgan Sails | AboutLog inContactBasket
							
						
					
				

		
			
				
					
																			0
											
									
			
			






TRAINING/CRUSING SAILS



CLASS SAILS



DINGHY COVERS



NEW YACHT SAILS"
452739691,FERGO,3315Z,33260,LA TESTE-DE-BUCH,https://www.fergo.com,200,False,False,False,Ana Sayfa
597250141,CARON FRERES,3315Z,33350,SAINT-MAGNE-DE-CASTILLON,https://www.caronfreres.com,200,False,False,False,"Caron &amp; Frères&#8211; caron freres | Livraison gratuite partout au Canada à partir de 70$ d’achats
    
  

  
    
      Livraison gratuite partout au Canada à partir de 70$ d’achats
    
  






  


  
    
      
        
        
 "
804470987,MEDOC MARINE L.G.T.,3315Z,33780,SOULAC-SUR-MER,https://www.medocmarinel.g.t..fr,"ERROR:Failed to parse: 'www.medocmarinel.g.t..fr', label empty or too long",False,True,False,
982811648,EDEN NAUTIC,3315Z,40230,BENESSE-MAREMNE,https://www.eden-nautic.fr,200,False,False,True,EDEN NAUTIC | Distributeur officiel HONDA MARINE - Entretien et vente de bateaux et moteurs HONDA MARINE 3d TENDER Laben | VOTRE PARTENAIRE NAUTIQUE | MAINTENANCE NAVALE TOUTES MARQUES / AEROGOMMAGE / REPARATION ET CHANGEMENT DES BOUDINS PNEUMATIQUES / VENTE DE BATEAUX ET MOTEURS
820928893,BM (BM) (BM),3315Z,40600,BISCARROSSE,https://www.bm.fr,200,False,False,False,"PS Shop | Continuer les achats
              

  
    Le silence avant l’instinct.
  

  
    Les membres de la meute avancent plus vite."
401604947,SERGE DIAZ,3315Z,40600,BISCARROSSE,https://www.diaz.fr,200,False,False,True,"Généalogie et actualité des familles Diaz | Familles Diaz | VideosPhotosAnnoncesNewsServicesContact

Familles Diaz
Vid&eacute;osPhotosAnnoncesNews

	Le site diaz.fr est en vente


D&eacute;couvrez le jeu MINIBLUFF !









News Diaz.fr

D&eacute;couvrez tout"
899506943,ESPACE  NAUTIC (ESPACE NAUTIC),3315Z,40600,BISCARROSSE,https://www.nautic.com,200,False,False,True,"Home - Nautic | As a middle market private equity firm, we focus on three specialties while supporting the long-term value creation of our portfolio companies."
849388723,SOS NAUTIC,3315Z,40600,BISCARROSSE,https://www.nautic.com,200,False,False,True,"Home - Nautic | As a middle market private equity firm, we focus on three specialties while supporting the long-term value creation of our portfolio companies."
840163729,JET 40,3315Z,40210,LABOUHEYRE,https://www.40.fr,200,False,False,False,"Actualité récente du 40 | Actualit&eacute; r&eacute;cente du 40 | VideosPhotosAnnoncesNewsAopContact

Actualit&eacute; r&eacute;cente du 40
Vid&eacute;osPhotosAnnoncesNews

	Le site 40.fr est en vente
	


	





	
	Administrations et &eacute;tablissements scolaires "
948672399,NOVA BOAT,3315Z,40510,SEIGNOSSE,https://www.boat.com,200,False,False,True,Home - boat.com | Boat.com Services
440672988,MAT COMPOSITE,3315Z,40140,SOUSTONS,https://www.matcomposite.com,TIMEOUT,False,True,False,
503361966,NAUTIC PLAISANCE,3315Z,40600,BISCARROSSE,https://www.nauticplaisance.fr,200,False,False,True,"NAUTIC PLAISANCE ,Bateaux et moteur en vente B2 Marine | NAUTIC PLAISANCE | Mêlant tradition et modernité, le chantier B2 Marine est un fabricant de bateaux à moteur et
                    voiliers transportables. Depuis sa création en 1986, le constructeur français s’est tou"
903707545,HYDROFLEX,3315Z,40300,PEY,https://www.hydroflex.com,200,False,False,True,Home | HydroFlex | HYDROFLEX | ArticlesAwardsPhoto GalleryBiography: Pete RomanoRental Equipment
903827723,MAT-NAUTIC,3315Z,40460,SANGUINET,https://www.nautic.com,200,False,False,True,"Home - Nautic | As a middle market private equity firm, we focus on three specialties while supporting the long-term value creation of our portfolio companies."
480704790,VILLENEUVE MARINE,3315Z,47300,VILLENEUVE SUR LOT,https://www.villeneuve-marine.fr,200,False,False,True,"concessionnaire ITALMAR, FUN YAK,ROTOMOD,GARMIN,TOHATSU et SUZUKI  - vente et reparation bateau en aquitaine | VILLENEUVE MARINE

Situe en bordure dâun axe routier Ã  VILLENEUVE SUR LOT  sur la D911 entre bordeaux et toulouse  "
412786436,SERRAM,3315Z,64500,CIBOURE,https://www.serram.com,200,False,False,False,"Serram.com is for sale | HugeDomains | Serram.com | This domain is for sale: $1,795"
498594423,CHANTIER NAVAL DE SOCOA (CHANTIER NAVAL DE SOCOA),3315Z,44350,GUERANDE,https://www.socoa.fr,403_ANTIBOT,True,False,False,(anti-bot)
752478248,ITSAS ARGI S.A.S.U (ITSAS ARGI),3315Z,64700,HENDAYE,https://www.itsas-mendi.com/,200,False,False,False,"Camping Pays Basque, Saint Jean de Luz - CAMPING ITSAS MENDI **** - St-Jean-de-Luz, côte basque | Bienvenue dans notre camping au Pays basque&#33; | Camping ouvertdu 27/03 au 01/11/2026"
528845712,MULTI SERVICES S O ET S E,3315Z,64600,ANGLET,https://www.multi-services.fr,200,False,False,True,"Multi-services - services en tous genres et sur mesure | Tous | par administrateur | Sep 5, 2025 | Non classÃ© | 1  |"
812434975,HAIZE ARIMA,3315Z,64500,CIBOURE,https://www.arima.com,403_ANTIBOT,True,False,False,(anti-bot)
879125136,RICHARD MARTINEZ,3315Z,64700,HENDAYE,https://www.richard-martinez.com,200,False,False,False,Index of / | Index of /
325901619,ALAIN LAY (KRP),3315Z,64122,URRUGNE,https://lay.com,403_ANTIBOT,True,False,False,(anti-bot)
927982157,VANESSA MARX,3315Z,64700,HENDAYE,https://www.vanessamarx.com,200,False,False,False,vanessamarx - Link in Bio &amp; Creator Tools | Beacons
753368513,JUAN MARIN,3315Z,64700,HENDAYE,https://www.juan-marin.com,200,False,False,True,"Juan MarÃ­n Servicios Inmobiliarios en Cieza, especialista en venta y alquiler de  pisos, casas, naves, locales, garajes | Agencia Inmobiliaria desde 1988 | Bienvenidos a nuestra agencia inmobiliaria, estamos encantados de ofrecerle el mejor servicio en la intermediaciÃ³n inmobiliaria. Somos  grandes profesionales especializados en la venta y alquiler de "
951419126,NAUTIC CHARENTE,3315Z,79000,NIORT,https://www.nauticcharente.fr,200,False,False,True,Nautic Charente | Entreprise spécialisée dans le domaine de la réparationet maintenance navale | NAUTIC CHARENTE est une entreprise de réparation et maintenance navale fondée en 2023 par Bennani Anas à Niort. Nous opérons principalement sur la côte Ouest de la France.
982889552,OLEG PETROV,3315Z,86000,POITIERS,https://www.olegpetrov.com,200,False,False,False,"Олег Петров PRO коучинг | КОУЧИНГ | Ирина, 42 года, Санкт-Петербург Олег - невероятно чуткий и внимательный человек! Мне было очень комфортно работать с ним. В начале я немного стеснялась, мне казалось, что мой запрос глупый и несерьезн"
824131817,MILLE NAUTIQUE,3315Z,87470,PEYRAT-LE-CHATEAU,https://www.mille-nautique.fr,200,False,False,True,Mille Nautique | Mille Nautique | ACHAT DE BATEAUX | RÉPARATION ET ENTRETIEN DE BATEAUX | STOCKAGE PORT À SEC DE BATEAUX | CONVOYAGE DE BATEAUX | LOCATION DE BATEAUX
853925212,LEZARD AVIRON,3315Z,87290,CHATEAUPONSAC,https://www.lezard-aviron.fr,200,False,False,True,Accueil | Lezardaviron | L&eacute;zard Aviron | Les réparationsLes ateliers et stages de formation
421481169,CROISIERES INTER-ILES,5010Z,17000,LA ROCHELLE,https://www.inter-iles.com/,200,False,False,True,"Compagnie Interîles — Découvrez Fort Boyard et les îles | La Compagnie de toutes les expériences en mer | En attendant l’ouverture des ventes, vous pouvez dès maintenant réserver votre promenade autour du Fort Boyard au départ de La Rochelle pour le mois de mars."
985084532,VENT DANS LES VOILES,5010Z,17190,SAINT-GEORGES-D OLERON,https://www.voiles.fr,200,False,False,True,"La voilerie - BANKS SAILS ATLANTIQUE | Que vous soyez régatier ou navigateur passionné, nous vous proposons la voile parfaite"
482813268,SAINT DENIS CROISIERES,5010Z,17650,SAINT-DENIS-D'OLERON,https://saint-denis-croisieres.fr,200,False,False,True,"OLERON-CROISIERES Promenades et P&ecirc;che en mer &agrave; Ol&eacute;ron, Fort Boyard, Ile d'Aix | Redirection en cours... Cliquez ICI si vous n'&ecirc;tes pas redirig&eacute;(e) automatiquement..."
481366805,JET REVASION,5010Z,17590,ARS-EN-RE,https://www.jetrevasion.com,200,False,False,True,"Location de jet ski sur l&#039;île de Ré à La Couarde sur Mer - Jet Révasion | Location de jetski sur l&rsquo;Île de Ré | N'hésitez pas à réserver  
                                au 06 87 07 23 72"
753640564,DREAM ON,5010Z,17410,SAINT-MARTIN-DE-RE,https://www.dreamon.fr,200,False,False,False,"Dream-On Aquariums - Accueil | Née d'une passion pour l'aquariophilie et la décoration d'intérieur, notre ambition est de vous inviter au voyage et de vous faire réver. Nous vous proposons une gamme d'éléments aquatiques décoratifs"
813808656,KELONE,5010Z,17000,LA ROCHELLE,https://www.kelone.fr,200,False,False,True,"Balade en bateau à La Rochelle | Kelone | Votre balade en bâteau à la Rochelle | Capacité d’accueil : KELONE peut accueillir jusqu’à 11 personnes, en plus du capitaine."
812146249,JEAN MARC BUTREAU,5010Z,17138,SAINT-XANDRE,https://www.butreau.fr,403_ANTIBOT,True,False,False,(anti-bot)
810600163,SEUDRE CROISIERES,5010Z,17113,MORNAC-SUR-SEUDRE,https://www.seudrecroisieres.fr,200,False,False,True,"Promenades bateau sur la Seudre Charente Maritime | l'Aigrette II Mornac-sur-Seudre | Embarquez sur l'Aigrette II
Le petit bateau de la Seudre | Promenades en bateau Ã  Mornac-sur-Seudre en Charente Maritime
	    Flyer 2023-->
   	 07 87 75 25 34
   	 reservation@seudrecroisieres.fr
   	
	   
 J'ai un bon cadeau
	    Espace Pro
	    
   
   
 "
819166950,ILE OU AILE CATAMARAN,5010Z,17550,DOLUS-D'OLERON,https://www.ileouailecatamaran.com,200,False,False,True,Ile ou Aile Catamaran / Croisières &amp; balade à l'île d'Oléron en Charente-Maritime - Accueil | Informations au +33 6 62 53 60 62
849473269,CAPITAINE MORGAN,5010Z,59152,TRESSIN,https://www.morgan.fr,403_ANTIBOT,True,False,False,(anti-bot)
880327184,3 D ATLANTIQUE (3 D ATLANTIQUE),5010Z,17000,LA ROCHELLE,https://www.atlantique.com,200,False,False,False,"Atlantique: The domain name Atlantique.com is for sale | Atlantique.com is for sale! | Explore 400,000+ expert-curated, brandable domains to elevate your business."
928904150,SKIP AND SEA,5010Z,17190,SAINT-GEORGES-D'OLERON,https://www.skipandsea.fr,200,False,False,True,"Accueil (2026) - skipandsea.fr | Accueil
Sorties &#038; Stages

	Sorties à la journée
	Stages-Croisières
	Cours particulier
	Privatisation


Skipper
Shop Voile RC
Entretien
Equipage
Contact
			
						
				
				
		
				
				
									"
952784254,ALBARQUEL,5010Z,17730,PORT-DES-BARQUES,https://www.albarquel.fr,200,False,False,True,"CroisiÃ¨re en voilier entre Rochefort et La Rochelle - Albarquel | Le voilier  Albarquel | Balades
                    CroisiÃ¨re
                    Evenementiel
                    Formations
                    ActualitÃ©s
                    Contact
                
            "
983792532,ALLIGATOR,5010Z,17560,BOURCEFRANC-LE-CHAPUS,https://www.alligator.fr,200,False,False,False,
982374936,NOTRE DAME DES FLOTS (NDDF),5010Z,17000,LA ROCHELLE,https://www.notredamedesflots.fr,200,False,False,True,"Notre-Dame des Flots - Vieux gréement à La Rochelle | Notre-Dame des Flots, Dundee de la mer du Nord construit en 1947, classé monument historique, vous accueille pour des so | CaractéristiquesHistoireTarifsJournal de bordLes Amis du NDDFContact
							
						
					
				

















Notre-Dame des Flots, Dundee de la mer du Nord construit en 1947, classé monument histor"
437603947,PASCAL LACOSTE (SKIPATLANTIQUE),5010Z,17000,LA ROCHELLE,https://www.lacoste.fr,403_ANTIBOT,True,False,False,(anti-bot)
488792938,ROUTE PECHE (ROUTE PECHE),5010Z,17310,SAINT-PIERRE-D'OLERON,https://www.routepeche.fr,200,False,False,False,"Atelier vente réparation vélo Thiers | Ici, c'est Route Pêche ! | Contactez-nous Avis juridique Route Pêche Politique de confidentialité 
Ici, c'est Route Pêche !Un atelier de vente et de réparation pour les vélos du quotidien.Route Pêche est surtout un atelier enga"
903554855,DEFOY FAMILY (YACHT CONTROL CHARTERS),5010Z,97150,SAINT-MARTIN,https://family.com,403_ANTIBOT,True,False,False,(anti-bot)
818882987,ELIO MONROUZEAU (LA CITADELLE),5010Z,17480,LE CHATEAU D'OLERON,https://www.monrouzeau.com,TIMEOUT,False,True,False,
509075552,INTER-ILES CATAMARANS (INTER-ILES CATAMARANS) (T.M.A.R.),5010Z,17000,LA ROCHELLE,https://www.inter-iles-catamarans.com,200,False,False,True,"Compagnie Interîles — Découvrez Fort Boyard et les îles | La Compagnie de toutes les expériences en mer | En attendant l’ouverture des ventes, vous pouvez dès maintenant réserver votre promenade autour du Fort Boyard au départ de La Rochelle pour le mois de mars."
529754616,SARL CROISIERES ALIZE,5010Z,17780,SAINT-NAZAIRE-SUR-CHARENTE,https://www.croisieres-alize.com,200,False,False,True,"Visite Fort Boyard, Visite Ile d'Aix - Fort Boyard,Ile d'Aix,Promenade en Mer Fort Boyard, Promenade en mer Ile d'Aix,Cr | Cum haec taliaque sollicitas eius aures everberarent expositas semper eius modi rumoribus et patentes, varia animo tum miscente consilia, tandem id ut optimum factu elegit."
982391807,MON NAVI,5010Z,17140,LAGORD,https://www.navi.fr,200,False,False,True,"Navi - Services informatiques pour les entreprises Ã  Annecy | Depuis 2001, NAVI propose aux TPE, PME et collectivitÃ©s, ses services en tant que prestataire informatique."
432047207,FREDERIC COMBES ([ND]),5010Z,[ND],FOURAS,https://www.combes.com,403_ANTIBOT,True,False,False,(anti-bot)
423531151,CONTAINERSHIPS LTD-OY,5010Z,,,https://www.containerships.eu/,403_ANTIBOT,True,False,False,(anti-bot)
994672079,GRAND LARGE,5010Z,24650,CHANCELADE,https://www.grandlarge.fr,200,False,False,False,"grandlarge.fr est en vente | grandlarge.fr | Le prix de vente du nom de domaine permet son transfert d&eacute;finitif de propri&eacute;t&eacute; &agrave; votre nom effectu&eacute; aupr&egrave;s de votre propre prestataire (GoDaddy, OVH, IONOS, G"
815243852,CORSICA LINEA (CORSICA LINEA),5010Z,20000,AJACCIO,https://www.corsicalinea.com,200,False,False,True,"Billets de bateau Corse - Algérie - Tunisie et Marseille | Vous êtes déjà
                    en Corse, à Marseille, en Tunisie, en Algérie | La version de votre navigateur internet est trop  ancienne  pour utiliser au mieux notre site internet.Nous vous conseillons de  télécharger  une version plus récente de votre navigateur."
482053758,BAT   EXPRESS,5010Z,64130,CHARRITTE-DE-BAS,https://www.batexpress.fr,200,False,False,True,"Découverte du bassin d'Arcachon en bateau taxi - BAT EXPRESS | Location de bateau avec skipper et bateau taxi sur le Bassin d’Arcachon | Bat'express est le 1er service de location de ""bateau taxi"" et croisières privatives créé sur le bassin d’Arcachon*. Depuis 2005, nous vous accueillons pour vos traversées (24h/24) et vos promenades e"
532520285,CEDRIC RICARD (TI REV),5010Z,97229,LES TROIS-ILETS,https://www.ricard.com,403_ANTIBOT,True,False,False,(anti-bot)
840537823,CAP MAYOR,5010Z,33160,SAINT-MEDARD-EN-JALLES,https://www.mayor.fr,200,False,False,False,"mayor.fr est en vente | mayor.fr | Le prix de vente du nom de domaine permet son transfert d&eacute;finitif de propri&eacute;t&eacute; &agrave; votre nom effectu&eacute; aupr&egrave;s de votre propre prestataire (GoDaddy, OVH, IONOS, G"
450250386,BT MOUILLAGES,5010Z,33950,LEGE-CAP-FERRET,https://www.mouillages.fr,200,False,False,False,"mouillages.fr est en vente | mouillages.fr | Le prix de vente du nom de domaine permet son transfert d&eacute;finitif de propri&eacute;t&eacute; &agrave; votre nom effectu&eacute; aupr&egrave;s de votre propre prestataire (GoDaddy, OVH, IONOS, G"
489199695,T-YACHTING,5010Z,33400,TALENCE,https://www.yachting.fr,200,False,False,True,Spécialiste accastillage et équipement pour dériveur et catamaran | Livraison gratuite dès 50€ d'achat via Mondial Relay®
527676761,CATAMARANS BASSINS D ARCACHON SUD CATABAS (CATABAS),5010Z,33260,LA TESTE-DE-BUCH,https://www.catabas.fr,200,False,False,True,"Agence de location de bateau sur le Bassin d'Arcachon - CATABAS | Location de voilier et bateau à moteur sur Arcachon | La société CATABAS (Catamarans Bassin d'Arcachon sud)spécialisée dans la location de bateau à Arcachon depuis 2011, vous propose une location de bateau sur le Bassin d’Arcachon  (départ du port d’Arca"
801906850,STEPHANE BAYLE,5010Z,33121,CARCANS,https://www.stephanebayle.com,200,False,False,False,"Stéphane Bayle Photographe | Rhône | St&eacute;phane Bayle
Photographe | ');align-items:center;background-color:rgba(var(--bg,var(--color_11,color_11)),var(--alpha-bg,1));border:var(--brw,0) solid var(--wst-base-2-color,rgba(var(--brd,var(--color_15,color_15)),var(--alpha-"
814956819,H & H COMPAGNIE,5010Z,33260,LA TESTE-DE-BUCH,https://www.compagnie.com,503_ANTIBOT,True,False,False,(anti-bot)
800021966,ARCACHON BASSIN COMPAGNIE,5010Z,33260,LA TESTE-DE-BUCH,https://www.compagnie.com,503_ANTIBOT,True,False,False,(anti-bot)
811290071,SLG,5010Z,33970,LEGE-CAP-FERRET,https://www.slg.com,200,False,False,True,"The BevPros - Keg Management Services | Beer, Wine and Spirits Logistics | Our solutions are tailored to meet the unique needs of the beverage industry. Whether your business is small or large, local or global, our solutions are designed to seamlessly scale alongside your gr"
820079499,VEDETTE LA BOHEME (VEDETTE LA BOHEME),5010Z,33123,LE VERDON-SUR-MER,https://www.vedette.fr/,404,False,True,False,
830488045,DES HOMMES ET DES MERS (DES HOMMES ET DES MERS),5010Z,33970,LEGE-CAP-FERRET,https://www.deshommesetdesmers.com,200,False,False,True,"Balade en bateau Arcachon Cap Ferret | Des Hommes &amp; Des Mers | Balade en bateau Arcachon &amp; Cap Ferret | Nous naviguons au fil des saisons, à bord de nos bateaux vers des destinations secrètes et fabuleuses au cœur du Bassin d&rsquo;Arcachon."
853436251,ARGUIN SAILING (ARGUIN SAILING) (AS),5010Z,33260,LA TESTE-DE-BUCH,https://www.arguin-sailing.fr,200,False,False,False,"WordPress &#8211; Un site utilisant WordPress | WordPress | Page d’exemple
							
						
					
				




					
					








Bonjour tout le monde !





Bienvenue sur WordPress. Ceci est votre premier article. Modifiez-le ou supprimez-le, puis commencez à écr"
920198223,SP YACHTING,5010Z,33200,BORDEAUX,https://www.spyachting.com,200,False,False,True,"Чартър на катамаран за семейства и групи | Spyachting | Driven by creativity and attention to detail, my work reflects a deep appreciation for the beauty of nature and human connection. Whether it’s a breathtaking landscape, a candid portrait, or the wild "
920503497,BIGOT PINASSE COMPAGNIE,5010Z,33980,AUDENGE,https://www.compagnie.com,503_ANTIBOT,True,False,False,(anti-bot)
903627974,MAEVA,5010Z,33370,YVRAC,https://www.maeva.com,200,False,False,True,"Location de vacances et location saisonni&egrave;re | maeva.com | Votre location de vacances tout sourire | Je confirme vouloir majorer mon avoir de %s%%.\r\nMon nouveau montant d'avoir sera donc de %s\u20ac"",""B3B9F297-91B9-6C1A-14DB-684D768C3E83"":""D\u00e9sol\u00e9, mais cette offre n'est plus disponible."","
908930571,CROISIERE JOUVENCE,5010Z,33470,GUJAN-MESTRAS,https://www.croisierejouvence.fr,200,False,False,True,"Croisière en bateau à Arcachon sur le Bassin d'Arcachon | Croisières en bateau sur le Bassin d'Arcachon
Île aux oiseaux / Dune du Pilat | Spécialiste des croisières privées en bateau avec skipper sur le Bassin d&rsquo;Arcachon."
914938790,AGENCE NAUTIQUE,5010Z,33120,ARCACHON,https://www.agence-nautique.com,200,False,False,True,"Agence Nautique Arcachon | Location Bateau &amp; Services Premium | Agence Nautique Bassin d&#x27;Arcachon | 06 23 02 05 30Contactez-nousAppelerOuvrir le menuAgence Nautique Bassin d&#x27;ArcachonVotre partenaire privilégié depuis 2001 dans la location de bateaux premium, l’organisation d’événements sur mesu"
835318163,BORDEAUX YACHTING,5010Z,33100,BORDEAUX,https://www.bordeauxyachting.com,200,False,False,True,"Restaurant de raclette à Bordeaux - Bordeaux Yachting | L&#x27;expérience unique de la raclette sur l&#x27;eau à Bordeaux | RESERVERRESERVER

/* Ensure all elements inherit the color from its parent */
body * {
    color: inherit;
}

a,
.w-input,
.w-select,
.w-tab-link,
.w-nav-link,
.w-slider-arrow-left,
.w-slider-arrow-ri"
898045422,ARCACHON EN PINASSE,5010Z,33470,LE TEICH,https://www.arcachonenpinasse.fr,200,False,False,True,"Balade bateau - Arcachon en Pinasse - Balade pinasse Bassin d&#039;Arcachon | Martine&rsquo;s, construite en 2003, longue de 10m30 et large de 2m97, en Teck et Acajou."
900042854,CAP 114,5010Z,33260,LA TESTE-DE-BUCH,https://www.cap114.fr,200,False,False,True,"CAP 114 : Location de bateau avec skipper à Arcachon, la Teste de Buch, Pyla sur Mer, Lege Cap Ferret sur le Bassin d'Ar | Cap 114 : Location de bateau avec skipper à Arcachon,  Pyla sur Mer et Cap Ferret | Cap 114, votre expert en location de bateau et privatisation de bateau sur le magnifique Bassin d’Arcachon. Offrez-vous une expérience inoubliable à bord de notre Beacher 8.40, un bateau d’exce"
900839945,LE BATELIER DE SUZETTE,5010Z,33770,SALLES,https://www.lebatelierdesuzette.com,200,False,False,True,"Le Batelier de Suzette | Promenades en bateau | EN ROUTE POUR VOTRE PROCHAINE CROISIERE
SUR LE BASSIN D&#39;ARCACHON | Croisi&egrave;res et promenades en bateau sur le Bassin d&#39;Arcachon"
991308768,GHP YACHTING,5010Z,33200,BORDEAUX,https://www.yachting.fr,200,False,False,True,Spécialiste accastillage et équipement pour dériveur et catamaran | Livraison gratuite dès 50€ d'achat via Mondial Relay®
991449406,LAMANTIN,5010Z,33400,TALENCE,https://www.lamantin.com,200,False,False,False,"Lamantin.com - Motto | Wer immer nur das tut was er schon kann,  wird immer das bleiben was er schon ist."
982195513,FREDERIC NONY,5010Z,33710,BOURG,https://www.nony.fr,200,False,False,True,"Patent & Trademark Attorneys | Patent & Trademark Attorneys | to form one of the leading french IP firms,with the support of Waterland Private Equity"
391548468,DIDIER MEYNARD,5010Z,33510,ANDERNOS-LES-BAINS,https://www.didier-meynard.com,200,False,False,True,"Portfolio | didiermeynard | We always have a dream, techniques mixtes sur papier, 146x113cm | Didier Meynard, artiste peintre&nbsp;"
903251999,CLAIR FONDS (CLAIR FONDS),5010Z,33470,LE TEICH,https://www.clairfonds.com,200,False,False,False,"ClairFonds &#8211; Provenance des Fonds &amp; LCB-FT/TRACFIN | Votre guide pour 
        
          . | Menu
        
            
        Origine et contrôles
LAB-CFT/TRACFIN
Immobilier
Pratique notariale
Contact
    
          
    				
				
		
				
										
						
									En savoir plus
					
				"
899797021,JL LOCATION,5010Z,33950,LEGE-CAP-FERRET,https://www.jl-location.com,200,False,False,True,Bienvenue sur le site internet de l'EURL JL LOCATION.
902088392,AU FIL DE L'O,5010Z,33470,GUJAN-MESTRAS,https://www.aufil.fr,200,False,False,False,Dovendi - Domain for sale | This domain name is managed by Dovendi
898786769,PINASSE TRADITION (PINASSE TRADITION),5010Z,33260,LA TESTE-DE-BUCH,https://pinasse-ainhoa.fr/,200,False,False,True,"Pinasse Aïnhoa - Pinasse Aïnhoa | Pinasse Aïnhoa | Vivez une expérience unique à bord de la Pinasse Aïnhoa !! Yann, votre skipper ostréiculteur, vous fera découvrir le Bassin d&rsquo;Arcachon dans ses moindres recoins. Entièrement aménagée tout confor"
908021595,PRIVATE CAPTAIN,5010Z,33120,ARCACHON,https://www.privatecaptain.fr,200,False,False,True,Balade en pinasse privatisée sur le Bassin d&#039;Arcachon | Balades en Bateau sur le Bassin d’Arcachon | Embarquez à bord de notre pinasse traditionnelle avec votre Private Captain arcachonnais à la découverte du Bassin d’Arcachon.
910481936,BASSIN DUNE PLAISIR (BASSIN DUNE PLAISIR),5010Z,33470,GUJAN-MESTRAS,https://www.bassinduneplaisir.com,200,False,False,True,"Bassin Dune Plaisir | Excursions &amp; Balades en Bateau | Bassin d&#039;Arcachon | Promenades en Bateau
sur le bassin d'Arcachon | Un paysage magique, un moment idyllique, le calme et la beauté du Bassin d&#8217;Arcachon pour une promenade en bateau. Le Phare du Cap Ferret sublimant l&#8217;horizon, au fil des marées le va et vie"
911894483,BALADE BATEAU ARCACHON,5010Z,33470,GUJAN-MESTRAS,https://www.baladebateauarcachon.fr,200,False,False,True,"Balade en bateau à Arcachon - Découvrez le bassin autrement | Balade privée en bateau pour découvrir le bassin d'Arcachon | Accueil
Le bateau
Nos baladesOpen menu

	Balade « Découverte » &#8211; 2h	Balade « Tour du bassin » &#8211; 3h	Balade « Grand tour » &#8211; 4h	Balade « L&rsquo;intégrale » &#8211; 7h	Balade « Coucher"
511233272,JALILO,5010Z,33120,ARCACHON,https://www.jalilo.fr,200,False,False,True,"Jalilo - Croisières, excursions, promenades, Bassin d'Arcachon | Home | La croisière autrement Navire professionnel marine marchande homologué 5éme, 4éme et 3éme catégorie armé au commerce"
529875627,XAVIER BOYER (XAVIER BOYER),5010Z,33950,LEGE-CAP-FERRET,https://www.xavierboyer.fr,200,False,False,False,Xavier Boyer &#8211; photographie | Xavier Boyer | d.OST.chlandXavier Boyerphotographied.OST.chlandXavier Boyerphotographied.OST.chlandXavier Boyerphotographied.OST.chlandXavier Boyerphotographied.OST.chlandXavier Boyerphotographie                    
833566037,TJF MARINE,5010Z,33950,LEGE-CAP-FERRET,https://www.marine.fr,200,False,False,True,Guide d'information sur le pr&eacute;nom Marine | Marine.fr | Annuaire des c&eacute;l&eacute;brit&eacute;s Marine
853277572,LA VILLA DES T,5010Z,33120,ARCACHON,https://www.lavilla.fr,200,False,False,False,HÃ´tel 5 Ã©toiles et Spa Ã  Calvi - HÃ´tel La Villa Calvi | HÃ´tel 5 Ã©toiles Ã  Calvi | Notre histoire  Le domaine  Les piscines  Les services SÃ©journer    Nos chambres  Nos suites  Nos appartements  Nos villas Savourer    La Table by La Villa  La Terrasse  Le Pool Bar  Le Jo's Bar  Le 
847622487,PINASSE FREEBAY,5010Z,33260,LA TESTE-DE-BUCH,https://www.pinasse-freebay.fr,200,False,False,False,"PINASSE FREEBAY | Balade en mer à La Teste-de-Buch | Pinasse FreeBay							Bienvenue à bord avec Philippe Grocassan ! | Vous utilisez une ancienne version d'Internet Explorer, veuillez vous mettre à jour."
847977378,CAP O LARGE,5010Z,33970,LEGE-CAP-FERRET,https://www.caplarge.com,200,False,False,False,"Coaching Professionnel | Coach Professionnel | COACHING PROFESSIONNEL | Cap Large Évolution est la ressource proposée et créée par Éric de POMMEREAU pour vous aider à trouver votre propre CLÉ, à votre mesure !"
843753567,PETIT PRINCE,5010Z,33115,LA TESTE-DE-BUCH,https://www.petitprince.com,403_ANTIBOT,True,False,False,(anti-bot)
840249353,A.T.B. (A.T.B.),5010Z,40160,PARENTIS-EN-BORN,https://www.a.t.b..fr,"ERROR:Failed to parse: 'www.a.t.b..fr', label empty or too long",False,True,False,
913844296,LA PINASSE DU CANON (LA PINASSE D'ESTEBAN),5010Z,33950,LEGE-CAP-FERRET,https://www.canon.fr,403_ANTIBOT,True,False,False,(anti-bot)
929200319,SANTA MARIA (SANTA MARIA),5010Z,33950,LEGE-CAP-FERRET,https://www.santamaria.com,200,False,False,True,"Home - Santa Maria Valley Chamber of Commerce | Welcome to the Santa Maria Valley Chamber | The Santa Maria Valley Chamber is dedicated to fostering a thriving, inclusive, and resilient community by supporting businesses, strengthening partnerships, and promoting economic vitality. Our organ"
927724849,CAPZENAVENTURE,5010Z,33950,LEGE-CAP-FERRET,https://www.capzenaventure.com,200,False,False,True,Balade et safari photo en bateau à Lège Cap Ferret avec capzenaventure
912153483,SENSATIONS CATAMARAN,5010Z,33600,PESSAC,https://www.sensationscatamaran.fr,200,False,False,True,"Sensations Catamaran Antilles : croisière catamaran, stage catamaran | &nbsp;stages et croisi&egrave;res aux Antilles et en M&eacute;diterran&eacute;e | Sensations catamaran est une &eacute;cole de voile et de croisi&egrave;re &eacute;coresponsable, qui vous propose des stages de formation tous niveaux et des croisi&egrave;res sur mesure, aux Antilles"
941056533,FRIENDS,5010Z,33570,LUSSAC,https://friends.com,403_ANTIBOT,True,False,False,(anti-bot)
948454202,MEDOC EN MER,5010Z,33340,QUEYRAC,https://www.medoc-en-mer.fr,200,False,False,False,Accueil - MÃ©doc en Mer | Embarquez pour un moment inoubliable ! | DÃ©couvrez la beautÃ© de la rÃ©gion sous un angle diffÃ©rent avec MÃ©doc en Mer.
952318996,FERRET  YACHTING (FERRET YACHTING),5010Z,33950,LEGE-CAP-FERRET,https://www.yachting.com,200,False,False,True,Location de bateaux et location de yachts pour des vacances de voile parfaites | Yachting | Louer un bateau sans souci | Vous ne savez pas où naviguer ? Commencez par explorer les destinations les plus populaires
984794909,PINASSE & CO,5010Z,33740,ARES,https://www.pinasseco.com,200,False,False,True,pinasseco | « La pinasse ça vous branche ! » | pinasseco | La société E-NAUTIC a utilisé JADOFER lors du salon nautique d&rsquo;Arcachon afin de promouvoir la propulsion électrique e-nautic.com
802744292,SPLIT SECOND CHARTER LTD,5010Z,,,https://www.ltd.fr,403_ANTIBOT,True,False,False,(anti-bot)
435243183,JEROME ESTRADE,5010Z,33950,LEGE-CAP-FERRET,https://www.estrade.fr,403_ANTIBOT,True,False,False,(anti-bot)
888866449,HORIZONS TCHANQUES (HORIZONS TCHANQUES),5010Z,33510,ANDERNOS-LES-BAINS,https://www.horizons-tchanques.com,200,False,False,True,Balade en bateau privé avec capitaine dans le bassin d&#039;Arcachon | Explorez le bassin d'Arcachon à bord de notre bateau privé avec capitaine ! | AccueilLiberté : Notre bateauNotre capitaineTarifs et CarteContactGalerieExplorez le bassin d'Arcachon à bord de notre bateau privé avec capitaine !   Réserver votre escapade  Vous rêvez d&rsquo;une e
818965113,STORM,5010Z,33000,BORDEAUX,https://www.storm.com,200,False,False,False,storm.com is for sale | www.oxley.com | I'm happy to provide flexible payment options!
419378278,LE GRAND B,5010Z,40390,SAINT-MARTIN-DE-SEIGNANX,https://www.legrand.fr,200,False,False,False,"Legrand - Spécialiste des infrastructures électriques et numériques du bâtiment | Bienvenue dans l'espace Grand Public de Legrand, le spécialiste mondial des infrastructures électriques. | Rallonges multiprises : branchez vos équipements    Découvrir"
797423068,FX MARINE,5010Z,40510,SEIGNOSSE,https://www.fxmarine.com,200,False,False,True,"FxMarine.com is for sale | HugeDomains | FxMarine.com | This domain is for sale: $3,395"
530868843,GARONNE EXCURSIONS (GARONNE EXCURSIONS),5010Z,47180,COUTHURES-SUR-GARONNE,https://www.valdegaronne-tourisme.com/,200,False,False,False,Bienvenue en Val de Garonne - Val de Garonne Tourisme | Val de Garonne Tourisme | Déjà 2.49 kg de CO2 économisé grâce à l'éco-mode sur ce site. Vous voulez faire un effort pour notre planète ? En savoir plus
424436558,CIE MARITIME SUD GASCOGNE,5010Z,64700,HENDAYE,https://www.gascogne.fr,200,False,False,False,Nameshift.com  Open language menu  en   België  Nederlands (nld)
793124686,EVAG EMOTIONS,5010Z,31500,TOULOUSE,https://www.evagemotions.com,200,False,False,True,"Promenade en mer Argeles Evagemotions | Balades en mer Argeles sur Mer | Excursion départ 20h
Vous embarquerez en petit comité pour une échappée loin de la foule !!"
881959050,SAS BADIATIK,5010Z,64500,SAINT-JEAN-DE-LUZ,https://www.badiatik.com,200,False,False,True,"Accueil - BADIATIK | BADIATIK | BADIATIK est une activité maritime basée à Saint-Jean-de-Luz, dédiée à celles et ceux qui souhaitent découvrir le Pays Basque depuis l’océan. À bord d’un bateau confortable et sécurisé, avec un skippe"
980763684,POLE-AIR EXPEDITIONS,5010Z,64160,OUILLON,https://www.pole-air-expeditions.com,200,False,False,True,"Croisière Alaska, navigation en voilier | POLE AIR EXPEDITIONS | Croisière à la voile en Alaska | Des parcours originaux de 10 jours sur place, 11 dates de départ, 6 différents programmes conçus avec passion et respect environnemental."
452966633,MEMPHIS-JET (JET ACADEMIE),5010Z,64700,HENDAYE,https://www.memphistravel.com/,403_ANTIBOT,True,False,False,(anti-bot)
493113203,ARNAUD DE LA FORGE (ENTREPRISE CAP LAGON),5010Z,97111,MORNE-A-L'EAU,https://www.forge.com,403_ANTIBOT,True,False,False,(anti-bot)
914083043,BAIONA MARINE (BAIONA MARINE),5010Z,64340,BOUCAU,https://www.baiona-marine.fr,200,False,False,True,"Baiona Marine, sorties en bateau au Pays basque (64) | sorties en bateau au Pays basque                    
                    
                        avec Baiona Marine | Portés par les vagues, prenons le large pour découvrir la côte basque autrement.
Des excursions sur-mesure pour vous emmener naviguer le long des plages, des ports et des falaises qui bordent nos terr"
437880198,MER ET TERROIR,5020Z,06600,ANTIBES,https://www.terroir.fr,200,False,False,False,Tout le potentiel de l'espace naturel façonné par la main de l'homme | terroir Fran&ccedil;ais
562024422,CMA CGM,5020Z,13002,MARSEILLE,https://www.cma-cgm.fr,403_ANTIBOT,True,False,False,(anti-bot)
420454399,COMPAGNIE MARITIME NANTAISE - M.N (MN),5020Z,44000,NANTES,https://www.compagnie-maritime-nantaise.com/,200,False,False,True,"Armateur, fret maritime et navire roulier - Compagnie Maritime Nantaise | Armateur, propriétaire et gestionnaire de navires | Personnel navigant
                        Voir les offres"
909276834,ANGELTRADE,5020Z,33000,BORDEAUX,https://www.angeltrade.fr,200,False,False,False,Angeltrade Experimental Marketing | Bienvenue sur angeltrade.fr | Ce site est actuellement en construction.N'hÃ©sitez pas Ã  venir le visiter prochainement!
928011931,ECOMAR ALPHA,5020Z,33000,BORDEAUX,https://www.alpha.com,403_ANTIBOT,True,False,False,(anti-bot)
981603749,SOCAMAR,5020Z,33000,BORDEAUX,https://socamar.ma/,200,False,False,True,Entreposage Frigorifique de produits alimentaires - Location espace frigorifique et chambre froide au Maroc - Accueil
407703610,LAURENT MALRIEUX,5020Z,33950,LEGE-CAP-FERRET,https://www.malrieux.com,200,False,False,False,"Découvrez le site web de l&#039;artiste MALRIEUX Pierre - ARTactif | MALRIEUX Pierre

				Peintre | Site hébergé par  ARTactif.com"
508679859,SOCATRA REUNION,5020Z,33000,BORDEAUX,https://www.reunion.com,403_ANTIBOT,True,False,False,(anti-bot)
452697725,LES COURTIERS ASSOCIES (LCA),5222Z,76600,LE HAVRE,https://www.lescourtiersassocies.fr,200,False,False,False,Les courtiers associes - Prêt immobilier à Mâcon | Les courtiers associés | Découvrez nos offres en prêts immobilier
500798780,DOCKS MARITIMES CONSIGNATION,5222Z,33310,LORMONT,https://www.docks-maritimes.com,200,False,False,True,Docks Maritimes de Bordeaux | Bienvenue sur le site web des DOCKS MARITIMES DE BORDEAUX
